utc_datetime	tx	n_transfers	total_tea	detail
2025-12-05 15:31:53	0x821dff3048d21c52c072b54b671e0a9ee97b83c0dc4e1d1e72a38bd987765190	1	4206899999999999868928.00	MINT/BURN->TREASURY:4206899999999999868928.00
2025-12-05 15:59:35	0x97d2c27ce6c204b6dfa12e0000cfa9839a84a6ffddfc8a34676350b4810b6cf9	1	69.00	MINT/BURN->0xc6175065:69.00
2025-12-05 16:01:37	0x4de63751341379cfcc17e30a2d7d49d443992665d64f73a4c6fc6883dab9ed92	1	69.00	MINT/BURN->sasha:69.00
2025-12-08 10:21:14	0xdf6ebfc6a884d80dc042e9b0d0214953c7700bb06e00710bbfa642333e4e7180	1	69.00	MINT/BURN->0x1cd51346:69.00
2025-12-08 10:21:34	0x287aead680689fe5fd234e6f2e640e7fb996eb239364474f62c7f5493d06c01d	1	69.00	MINT/BURN->tim:69.00
2025-12-08 10:24:43	0x39e1ad6db22f9ce95753dfc0db3ac90ada2d2a80598d1587cdc262a7ee1324e3	1	69.00	MINT/BURN->musa:69.00
2025-12-08 10:25:24	0x0d55a288b6f138f4b06ea8ed1ac25cb06f5d4c4e40aae86d275b43d7ef8c59e5	1	69.00	MINT/BURN->alex:69.00
2025-12-08 10:25:36	0xbda923b5db749e069496ad970f93865d95c438d15eee34307eb0c3cce5d78a3d	1	69.00	MINT/BURN->martyn:69.00
2025-12-08 10:25:49	0x2e9a806707ef2ac9f2d4b26fa1e8c3342de923b79c3c310ecf31f21ae0ee212b	1	69.00	MINT/BURN->aatif:69.00
2025-12-08 10:29:42	0x27541ac06eb540af218a0abbe14f029bcbdecdcac963f61090cdf74cabd836cf	1	69.00	MINT/BURN->stephen:69.00
2025-12-08 10:39:04	0x893d1289b96725dd17bedc8759a8e76c3ed4656f02f4b6a531fee0a5bc346494	1	1.00	0xc6175065->sasha:1.00
2025-12-08 10:44:50	0xfb9ed1ad261e1a131c2e09094ce81aad3d19cfab87c52f418b816993bdf0f6ee	1	69.00	MINT/BURN->marcus:69.00
2025-12-08 17:35:40	0xb12d9c2a6acc8f037fb040a1fe7f1414c34d74901cf98cc695654f52970648f0	1	68.00	0xc6175065->jem:68.00
2025-12-08 17:59:05	0xf0fd49a4b2c7f1038807af70f70d57ad6772b481826fbeb0508fe57eac9b6c12	1	1.00	marcus->musa:1.00
2025-12-08 17:59:55	0xdc8bad82c25d46ce54c30ea673d09b27fad352d759baa3601a6b9c879ffee386	1	1.00	musa->marcus:1.00
2025-12-09 11:17:11	0x1f6fdb9e7d1f3c48e659f768e17f492e978490be033341e2fe1b766b2c318ded	1	69.00	MINT/BURN->megan:69.00
2025-12-09 12:10:21	0x6734f7e6304775f0656e215cb5e12e51f9847a1fe5b87a92760efb76d189997c	1	10.00	MINT/BURN->0x420691db:10.00
2025-12-09 12:14:31	0xd681294079e2458c5273defd8375e6592efbff4f7b1dbed82bf527d1fb140f86	1	9.00	0x420691db->0x360e68fa:9.00
2025-12-09 12:15:40	0xe1ecff8b3936f362b37893b258a713b12ea2804265d3a0e18ced1afbb7e42e78	1	0.00	0x420691db->0x360e68fa:0.00
2025-12-09 12:24:49	0xa491a11321464a016d67f79f86373e250fbc03dcc62f1ac7eb98b3ac081ff8be	3	2.00	0x360e68fa->0xa51afafe:1.00;0xa51afafe->0x89f30783:0.00;0xa51afafe->0xc6175065:1.00
2025-12-09 12:25:23	0xc66210d3efaf379ee0611bbb6d1d90f7f978c4f77a91bec177366a51290fe15e	1	1.00	marcus->musa:1.00
2025-12-09 12:32:47	0x174df007e34cffc1c42695caddc3aaef7c6bd815d3038e0a2b771ee20b89a520	1	30.00	jem->0x2cfd3185:30.00
2025-12-09 12:42:19	0x21f5567094cfe1e886fb30d5ec8ed7897d15d68e1c30dde7c89a6fbd58d15d99	1	8.42	0x2cfd3185->0x360e68fa:8.42
2025-12-09 13:02:45	0x9adcdba253ac583d05fd25f1d5fedf9670c8691b98091bb49f662ac6065c10ce	1	1.00	musa->marcus:1.00
2025-12-09 13:46:55	0xf9494bda5cf006eeb558c0bc818435dacc0832664e53fb1d2e3856bafd6adb56	7	11.06	megan->sasha:2.94;stephen->musa:2.03;megan->martyn:3.06;stephen->marcus:1.03;stephen->aatif:0.63;megan->marcus:1.11;alex->aatif:0.26
2025-12-09 14:42:44	0x33e6f9c0bbc5b286574dde80a1ec1c3e7986b0c076dc089f4dbb998d331dd92f	4	0.55	musa->tim:0.23;stephen->martyn:0.03;musa->martyn:0.07;musa->sasha:0.23
2025-12-09 14:45:50	0x9f608c40cbb4b182049509a632701cec048a316f6d2fe11014e9851d28848cc3	3	0.57	alex->marcus:0.23;tim->stephen:0.23;sasha->0xc6175065:0.11
2025-12-09 15:32:42	0xd5a36a401dc969fa02bc923fe443e08cd4163ecb3ce105a0a887b1f21f31cf64	1	0.13	stephen->jem:0.13
2025-12-09 15:51:27	0x3367035e8adefb028a3dfb04fb26f8316f742af1cf396a550579a73e20ad68b5	4	4.55	marcus->sasha:1.32;marcus->martyn:1.32;marcus->jem:1.20;marcus->stephen:0.70
2025-12-09 17:31:40	0x16d72af2b2acc626f6eec7eff1511f272f4ca03a23269127c5e793fec6c1fa3f	1	0.20	jem->stephen:0.20
2025-12-09 17:31:51	0xacf91eb2efe6c46f04262895edaf0857e19da6cbce13e18aa53c510e053acf90	1	0.20	jem->sasha:0.20
2025-12-09 17:32:02	0x0e6f342a7dd0853a5dce6550a62662561399a8180319dfbaa5391a1405b1fe2e	1	0.40	jem->tim:0.40
2025-12-09 17:33:44	0x62ee8ae727f14332fdc6f8894a28d451d11f0bf9b40c716bcfb3b092b7fd0b93	1	4.00	jem->sasha:4.00
2025-12-09 17:45:34	0x79bbd990669388d31d9362b34a3dc104d419062e704fa512e030c51cee043549	1	13.40	MINT/BURN->musa:13.40
2025-12-09 17:45:49	0xf1016af07a39b92ba6f65a8c2362dd48ab17470fa2190c995be608d923cd095e	1	13.20	MINT/BURN->martyn:13.20
2025-12-09 17:46:11	0x76acd97d605f3a25ae903c97cb91db78520c83484e639da044fc58c8cf593bb9	1	12.50	MINT/BURN->marcus:12.50
2025-12-09 17:46:26	0xac5aeffc99ab14f1a093c9680d0576ab239288dda25c2eaa9d6676be6687d263	1	11.20	MINT/BURN->stephen:11.20
2025-12-09 17:47:27	0xdc28d2e5a6810fcdce1fadde88e73c18338bb14c6fbe448936c2bd524a0a257c	1	7.00	MINT/BURN->jem:7.00
2025-12-09 17:48:11	0xc5a9fec571c21698237c65ae2f717ef7e4ccd41902f6415c543fb2f3c39c82bd	1	6.90	MINT/BURN->alex:6.90
2025-12-09 17:48:31	0xe35a6f3d5f03304912bc9b0d144ac287cd1476f6331db1532384902696285f95	1	4.30	MINT/BURN->tim:4.30
2025-12-09 17:49:07	0x43377a6630929c7cd31a4fe0631a803d9b1840bdb3c6aaf289ae3a10b61dded3	1	0.40	MINT/BURN->megan:0.40
2025-12-09 17:49:45	0x76669585b18246a95d77e69e026dad04e9d3ff380ac16ec50d83c0c342a04541	1	0.10	MINT/BURN->aatif:0.10
2025-12-09 17:51:10	0x84a4dacecbfdaec78ffae9170f0e2f2812e461e653ed5217743efaf34a60fac1	1	1.50	jem->musa:1.50
2025-12-09 17:54:46	0x20b88604ee4a1131fa61ab813b24e3665848803cf152cf2c60ef70c0f5cc2f32	1	7.50	MINT/BURN->sasha:7.50
2025-12-09 17:56:35	0x255451b4d0ff3b0c7bbd8601237a29217a1f87c4c0e91a8de93f98eb4d988f13	3	2.00	martyn->sasha:0.33;stephen->sasha:0.67;stephen->jem:1.00
2025-12-10 11:29:36	0x5335f5c6f9e6afe8bee501d86eeaac3c39c5e7b79ad3bd9066fd1b522ca74278	3	1.00	megan->alex:0.33;martyn->alex:0.33;jem->alex:0.33
2025-12-10 12:26:08	0xf5c8b1080c6074318f1a3664e22750c685f1fd900e0c15367fc377913027a293	1	1.50	megan->alex:1.50
2025-12-10 14:58:13	0x72c89dc03b569230bd28aa37c28d3c2ec05e18b3526fa001610d09df524f119d	2	2.00	tim->martyn:1.00;tim->stephen:1.00
2025-12-10 17:06:19	0x0fdb6cef86ab744941b85a930e73e10d986319a20783cda32631fe29f499eec7	1	1.00	stephen->martyn:1.00
2025-12-11 09:49:07	0x0229b52d432f6ddf551f46214829670391f4a4f688f1a26a0707f45b4e755012	2	2.50	musa->alex:0.50;musa->martyn:2.00
2025-12-11 10:41:14	0xf711221545d3b96562955f4dd73e4bf8a38688ee753f1c0ad02c6962fe50ec0e	2	1.00	tim->musa:0.50;tim->alex:0.50
2025-12-11 13:34:31	0x238e34c7515df03916feb086de385e837ead59c27d7ea9a4ff03d5784451d8fb	2	1.00	musa->tim:0.50;alex->tim:0.50
2025-12-12 10:19:53	0x8bf7098f2e8f957887f7ea2e6a1e1be0bea7ccc11f9da6cc5a91c9a760f09d21	2	2.50	musa->martyn:2.00;alex->martyn:0.50
2025-12-12 10:20:45	0x6f41a75c023d2d21970ee7bff33e18bb3abe6bc1eadd056fdd75c00519480b31	3	4.00	alex->musa:1.33;alex->martyn:1.33;alex->jem:1.33
2025-12-12 14:44:01	0xc903670d71dc173d943cf8b4f55d0d2f1ab6a2ab1c5d6a3082b6b34c4798291b	1	1.00	alex->martyn:1.00
2025-12-12 21:12:18	0xd25ee5b218008422da9e6fe590321b13cab0b058bbc6e6d795de74e86d70d5a8	2	1.00	musa->alex:0.50;jem->alex:0.50
2025-12-15 13:58:50	0x6c437eb32a9fca6fa76edbb7ecbc66495f64e3de7c81bb272cb5724424d5399e	5	1.60	tim->jem:0.40;tim->sasha:0.40;marcus->stephen:0.40;marcus->sasha:0.00;marcus->martyn:0.40
2025-12-15 14:44:21	0x4c18c3497f6655948b22ae02c061e4b75fde822df6a3b046678254bcebf3dd24	1	4.00	marcus->stephen:4.00
2025-12-15 15:08:24	0x70222998f66906ba135f5bc952b6e40fb9fc0e68a8b46d0feba872f92773a446	3	3.33	stephen->jem:0.67;musa->jem:1.00;stephen->megan:1.67
2025-12-15 16:26:01	0x29e8e3efc258bd7736f0ff1206eaa0d820ebea283c3bdddd6b90a13611649882	1	1.33	marcus->musa:1.33
2025-12-16 10:02:18	0xa41031e9a0c3ceeaf0136687b76b312bcb5ecb7dbe0e8eb7855ac0ee96d8df42	2	2.40	musa->jem:1.20;tim->martyn:1.20
2025-12-16 13:36:05	0xb778f08a8f672a990d6ed73ae45e643baab946e661a10b979da7d242dcde7629	2	1.00	martyn->stephen:0.50;marcus->stephen:0.50
2025-12-16 14:06:08	0x323881cc68e9d624bcd19eec2c7ae144345e1fabde90a40fde591539ea004551	1	1.00	marcus->musa:1.00
2025-12-16 16:27:57	0xd3cd8c539792e822afce0fd119152fa90a77856b1effe70fd5c09729b609ef6b	1	2.00	tim->musa:2.00
2025-12-17 12:34:50	0x3235052f0b8b0c1cab4f6f8386796dc6e636e56092638614ad5a0714006def60	1	1.00	stephen->marcus:1.00
2025-12-17 14:40:01	0xcf69ef763b3027e61e84bcef8880c3301b57274c1aaa4c2d066396b652304907	4	2.75	musa->jem:0.25;stephen->megan:1.75;musa->martyn:0.50;stephen->jem:0.25
2025-12-18 11:49:39	0xf7a2d0821eeec7c337bb023b749dbaa96177a6b7f66b44116bfb6c68f071b330	5	3.00	marcus->sasha:0.80;jem->musa:1.00;alex->musa:0.40;alex->sasha:0.60;marcus->martyn:0.20
2025-12-18 16:23:44	0x433c7798bc96b0cfe9d4607471458ad1836c9677e1f8101ee8ed220fe43b5856	6	3.17	megan->marcus:0.17;megan->musa:0.50;stephen->musa:0.83;megan->jem:0.17;stephen->alex:1.33;megan->martyn:0.17
2025-12-18 17:06:33	0x579f0db50ee011fb45a77936b8a85fce446902c49554a476740114cf543aaa9b	1	1.00	alex->musa:1.00
2025-12-22 11:17:03	0x6a3d63af0894c11b1819ecab4e820ca7af9bcc1ccc61a0c61b7a185d25617cf9	2	1.00	marcus->alex:0.50;marcus->martyn:0.50
2025-12-22 13:57:45	0xbdb0a4ab0d1895fb83ab2f0d8507eb81d961fea44a8f711df01d9573b932f275	3	3.00	alex->sasha:1.80;martyn->marcus:0.60;stephen->musa:0.60
2025-12-22 15:06:42	0x6d9d775e4b42e523f7da19bcd8ed687651219b95257d9dd3f6a3939fe4de7c6e	1	1.50	marcus->stephen:1.50
2026-01-05 13:20:53	0x6b6d1633f81b115aebabb279bb87f448fd9156eff499008143acfe40d2da4517	2	1.00	tim->martyn:0.50;tim->alex:0.50
2026-01-06 13:27:00	0x62c8a8db7e1bfe833e1f2637567b59322c02cb0ce20086ecccc337584cefef67	4	2.80	stephen->musa:0.40;martyn->sasha:0.40;alex->musa:1.60;tim->sasha:0.40
2026-01-07 11:20:25	0x46059255682453bd56277e956a6ddfb9464caa2267ac287d4e17b3c55f5989a4	4	2.75	alex->sasha:0.25;stephen->sasha:1.75;tim->musa:0.50;alex->musa:0.25
2026-01-07 15:10:05	0xb0b982da198eb1cae2a6fe4ad99b61685ee98170406d27e928d0d8df44c2151a	2	1.00	alex->sasha:0.50;alex->musa:0.50
2026-01-08 13:40:52	0x479c57434865b53a58dc7933df942c24630b52fe740fa17e784a1f2006a77feb	2	2.00	martyn->sasha:1.00;martyn->musa:1.00
2026-01-09 11:21:46	0x937ca23e73e8d9567c8e977d122abe63f88bcdc0819ba99032cfb813dbefb9b7	2	2.67	musa->sasha:2.00;alex->martyn:0.67
2026-01-09 14:23:23	0x9016f7e86e9983ee3931665c2a82e324aa848f67427ef6a6429d5ae2ddba573e	2	2.00	alex->musa:1.00;alex->martyn:1.00
2026-01-12 14:38:11	0xeb241f24bba0c72bcaff6d4db6c6d72a470ded4424fe241ddb3fee014686daad	2	1.00	martyn->jem:0.50;martyn->musa:0.50
2026-01-12 16:36:11	0xd8deacf4eabb018e918c0f2c2abd50fdbc11a29946df4e4359d1e6d84720aae8	1	1.00	sasha->musa:1.00
2026-01-13 14:15:49	0xd12462fce6db52ed112ae72e249206f93d0582b8b33439c0cb65bd9d154a5192	3	2.00	tim->martyn:0.67;tim->marcus:0.67;tim->jem:0.67
2026-01-13 15:30:53	0x1d719e6c851de08fda323f62c77b55f18acbfa1cb3c82d92b4839fa80055357b	3	1.80	martyn->musa:0.60;alex->jem:0.60;marcus->stephen:0.60
2026-01-14 13:41:28	0x966076aa7e003981de9bf9a477a9060782cc18ff9496f4c3538abd79784213d1	4	2.00	alex->jem:0.25;alex->sasha:0.50;alex->martyn:0.25;marcus->sasha:1.00
2026-01-14 14:50:13	0x1a6b5940fe52b5e2f48a69e40d67eb204712b21d5e39c42865fd1136a6477785	2	3.00	stephen->jem:1.50;stephen->marcus:1.50
2026-01-14 16:44:16	0x66587ba436d4c950f161d99dea64d83731435b4b2e61a580ffed45628d656740	2	1.00	stephen->marcus:0.50;martyn->marcus:0.50
2026-01-15 10:48:52	0xe4cdd3eb59e04a9081442a74d1fe941ec91dea4711c219c245af6ef762747eb2	1	3.00	alex->musa:3.00
2026-01-15 13:40:14	0x3b2328b20e14ac1a8bae8e5472669b45cb73516a7499993faa4c2b9c0461b9a6	4	2.00	marcus->jem:0.25;megan->jem:0.25;stephen->musa:1.00;stephen->jem:0.50
2026-01-15 15:03:20	0xebc47457de79c3f8b209f77908f2290c9aee5b34df936f7c70bac809040b582a	4	2.00	stephen->marcus:0.50;stephen->sasha:0.25;stephen->musa:0.25;martyn->marcus:1.00
2026-01-16 09:49:21	0x7092da2bef70b9a9f4ef6a82f6963bfae7603cc610d507df40c0266d85808b90	1	1.50	alex->sasha:1.50
2026-01-16 14:36:53	0x0d5a9ac92c6a6baab9f6c2f00475e3dfd6bcd9f23ddd48fc881693fcd64a6273	1	1.25	musa->martyn:1.25
2026-01-19 13:51:07	0x27ad413a39a234dc90a21d092be1ed99f52f655252a5c8a39f33ea88798298be	3	2.33	stephen->marcus:0.33;tim->marcus:1.67;alex->marcus:0.33
2026-01-20 10:31:07	0xfbb2312d31b87b819826789df6a895d16cd76da9454f3605730aca6c88797dfc	3	1.00	stephen->marcus:0.33;musa->marcus:0.33;jem->marcus:0.33
2026-01-20 13:53:11	0x59d499b8f255636ab0983257301db78f910cb364c7e341dbb40ea091f76c3606	3	2.00	alex->marcus:0.67;stephen->marcus:0.33;alex->sasha:1.00
2026-01-20 16:22:44	0x25c8a46fdb76b67bff7efa64a6bebec7c39867f1044c5b6d9600d687c6d19aaa	3	1.33	stephen->tim:0.67;stephen->marcus:0.00;alex->marcus:0.67
2026-01-21 10:48:58	0x3f3619f8fbffa5b3cfbc89439c4d63fffc833587b0c233a54293ba08266c9f98	3	1.33	musa->sasha:0.67;alex->marcus:0.67;musa->marcus:0.00
2026-01-21 13:31:14	0x2c3110ef812a58f07051a7ee0d726c462e5e99d44b38aa359d8a160f1e380e34	1	1.33	tim->marcus:1.33
2026-01-21 14:17:38	0x9ffe4cc4a4c1dfd7bba9af1137a0b94330e59d14ab7b19fd721a1aecea9637ef	2	1.00	megan->marcus:0.50;stephen->marcus:0.50
2026-01-21 15:18:09	0xe73b7aa48cf8f2cb63acf6b035fa32c84a83f2e7c4aa5af82106c1357a559827	1	1.00	stephen->marcus:1.00
2026-01-22 10:27:17	0x7c7f663c9d2a21cfceeebc0007bc5b135a60380dfb6cd7e5bcf19045fdb47cf8	3	1.00	megan->marcus:0.33;stephen->marcus:0.33;musa->marcus:0.33
2026-01-22 11:02:50	0x1fbe7293574db03757c6a81d17e606345382ca07119b09f140a4ce83b3be1b87	4	1.00	alex->musa:0.25;alex->jem:0.25;alex->sasha:0.25;alex->marcus:0.25
2026-01-22 15:19:59	0x242f05bc9d45eb99f96da79dc3605f09ab0540a661f239a81987d2a9b74c8e29	3	3.60	tim->sasha:1.20;tim->stephen:1.20;musa->marcus:1.20
2026-01-23 10:32:58	0x808266e8dfb2b9efae596289086af945122e9b3d17e0f8c1fcf24084c8984834	4	1.50	alex->marcus:0.50;musa->sasha:0.50;stephen->marcus:0.25;stephen->sasha:0.25
2026-01-23 14:00:39	0x013e92ff4bc8c620b050b3a18cffe2802d845ce6102916a936fa810b1bc606f8	6	3.33	tim->stephen:0.83;tim->alex:0.83;tim->sasha:0.17;tim->musa:0.83;marcus->sasha:0.33;megan->sasha:0.33
2026-01-23 15:50:03	0x5a1e56674a4726c9913bcd9c6075842afaf719fe5e72b0a449828ed9fb7f8a52	2	1.00	alex->marcus:0.50;musa->marcus:0.50
2026-01-26 09:49:04	0xdc173c8817e8d302b7b9a9dcb304143324618b5cdd181283d2b032ac77d300f0	1	1.00	stephen->marcus:1.00
2026-01-26 14:41:57	0xb629ebbd6eabf1ecc26d2c117946ba63b22e7d010f0536c05fd047207bab29e8	3	1.00	megan->musa:0.33;megan->stephen:0.33;megan->marcus:0.33
2026-01-26 15:36:30	0x8b79ff2689f6a7ac32151c521dcd4bcd9d9064625db949dcc3f191700c51303b	2	1.00	martyn->marcus:0.50;martyn->stephen:0.50
2026-01-27 10:21:17	0x61c06ace2dfe08381a8c32ce17b29c2a34f3bb0201bab7b5c08f58b0457feee3	3	2.00	tim->stephen:0.67;tim->marcus:0.67;tim->sasha:0.67
2026-01-28 11:04:26	0x2733ebd40b17e74aeb25f4d1361b9afee956700d0d52e2bd546502c5dc7778a9	2	2.67	tim->marcus:1.33;tim->sasha:1.33
2026-01-28 14:20:11	0xea1d71574084ca14b9090e5b43bd6c3b88db3fff7d35e03556c93bccdc134de9	3	2.00	stephen->marcus:0.67;stephen->alex:0.67;stephen->sasha:0.67
2026-01-29 10:40:28	0x43136b4922c82b81e48963700aa07ba32a9ba57a7624707984a42814318766ae	4	1.00	martyn->marcus:0.25;martyn->stephen:0.25;martyn->musa:0.25;martyn->sasha:0.25
2026-01-29 14:29:58	0x11914726507565aafd4ccbef6ad880c2b4e27e6a2cd7895719a0381002142c9d	1	40.00	martyn->musa:40.00
2026-01-29 16:38:42	0x2d7ffe6a8f3f7a7cdf11bff06c58553e4400bcaec69b6f28c6f67ff3dfe5efc3	3	3.75	musa->sasha:1.25;musa->jem:1.25;musa->martyn:1.25
2026-01-30 13:28:56	0x4eab0fb9131221bf1c422c45f468de3579fcc7312e275c92d26ba5fd0cba45cf	3	3.60	tim->jem:1.20;tim->alex:1.20;marcus->sasha:1.20
2026-01-30 15:13:11	0xf452ec0411fc3852d649c0c9de756d1feb9c08a5cff377cfcf9c900aaa165531	3	1.00	alex->martyn:0.33;stephen->martyn:0.33;marcus->martyn:0.33
2026-02-02 10:27:22	0x34e4811587ec06516cb0b0e0d01324bfd87c4798a510709cc1db92870c52e8f7	2	2.50	martyn->marcus:2.00;martyn->musa:0.50
2026-02-02 14:02:51	0xfbc4b517d5eac8369d8e290360947727936259d0caf1f58183a4f29e138809b2	1	1.00	musa->martyn:1.00
2026-02-02 15:48:14	0x48bb7add40ebfca17a3c7661d76c47014e8fe2ea10c4f97c84831752421be352	3	3.33	marcus->sasha:0.67;martyn->sasha:1.67;marcus->tim:1.00
2026-02-02 15:49:07	0x72df73c9e45523254d9a1956f849ffe4b594fd5cf481d3ee66f3cb6f8cdcd982	1	1.00	alex->jem:1.00
2026-02-02 16:36:51	0x5658632e249d3807086b3c30c5c0823173906cc095a5f80d01bb0ec0df53c030	2	1.00	musa->stephen:0.50;marcus->stephen:0.50
2026-02-03 10:54:59	0x4de0cdd504c5659b928f179741e14c29cc2425615468a1d0d95581dd605c502b	2	2.40	tim->sasha:1.20;marcus->jem:1.20
2026-02-03 12:14:42	0x61533d22fbfded55b0f6bba8c1c4db9c37ab5ae88640496d796da57197de8d22	3	1.00	musa->marcus:0.33;musa->stephen:0.33;musa->martyn:0.33
2026-02-04 10:46:00	0xa1ad686bec8d65c729608d313b3446486645e620a7b305adc2ae272771066b0b	2	2.00	musa->martyn:1.00;marcus->martyn:1.00
2026-02-04 13:48:05	0x5944b1922dd607eb46af7c1528364837986c4808851f5152277cee976e2bca97	1	1.50	marcus->martyn:1.50
2026-02-04 13:49:11	0x840088cad42f48d86f69ba402bba069f8b43200525d46c8b9cfa8200741f75f7	3	3.60	marcus->jem:1.20;marcus->martyn:1.20;tim->sasha:1.20
2026-02-05 14:12:21	0x0cfb657bce8d835ff8a429dc2998ab49dfb9e38036826f2fddb97f22a99205d0	1	1.33	tim->martyn:1.33
2026-02-05 14:43:24	0xb22e4517557e6fce5b3b049df8d0de30e5ed2b5030a364ecd7ed4a12cfef1af6	2	2.00	musa->jem:1.00;musa->martyn:1.00
2026-02-05 15:19:29	0x81663d75b4359b01a010b3ce8bf0f91380a07a5f76cd04b056f26216ee49cc55	4	1.50	alex->jem:0.25;musa->jem:0.50;sasha->martyn:0.50;alex->martyn:0.25
2026-02-06 10:36:20	0xcd03eb1e4d0bcb5cf23e14446c5c37276b3682c9fbf7c0881b340003e29245f9	1	1.00	marcus->alex:1.00
2026-02-06 12:00:56	0xa968d9bb3d434e9678373dc9f20715facbc963cb3a73555ea31bbb1f12f4a5f3	1	0.50	aatif->0x6126ffd1:0.50
2026-02-06 12:59:09	0x9300ee4596330429ab16d8c2b33bd245ffc90a8019f5cc7f0d43a8882270518d	3	1.33	martyn->musa:0.67;martyn->sasha:0.00;marcus->sasha:0.67
2026-02-06 18:38:12	0x06406e0a6bfad41cabd460beb86dbd6e9e2dfe89a1d789099e7bf129aed372e1	2	2.00	musa->alex:1.00;musa->aatif:1.00
2026-02-09 09:56:19	0x1e9bff24bda035a99d4f4ad32281f3c6693fa07d41b21175d1e6d6c892c15a08	2	1.00	martyn->jem:0.50;marcus->jem:0.50
2026-02-09 14:08:01	0x90ad5f71f6b19b739d8e34e77c49ad4a79ffc7402d31d9bde195e475b34aee91	1	1.50	marcus->alex:1.50
2026-02-09 16:14:12	0x6666b63a9423345de2a4e1ab5b1092b9230060bc81fcf15e0afbb76b2f1da0a1	2	1.00	martyn->jem:0.50;marcus->jem:0.50
2026-02-10 09:39:13	0xd2057f48f9a77edcf839a2eb4f1b5238931b699c57a67c5642cf69b506881897	1	1.00	marcus->martyn:1.00
2026-02-10 14:38:25	0x2db9844ec8050b99370b5873dc27185a008ee5e13f58fd3df2af6062d4a063c8	1	1.50	marcus->alex:1.50
2026-02-11 11:58:21	0x9fc1ac832966c6c153072fed8d6a45b78f085d37c74d375e81da5c76b030922a	1	1.33	alex->sasha:1.33
2026-02-11 14:09:57	0x526a90a24e0cbaa8a44c0eeed7f0201066ac7ecfec62566d747d338dced495e4	3	1.00	marcus->martyn:0.33;marcus->stephen:0.33;marcus->megan:0.33
2026-02-12 15:01:33	0xde7ca87579b37c5fb7383af808f50049627349d5baae92752f028aaf9578bdd4	3	2.00	marcus->sasha:0.67;martyn->sasha:0.33;marcus->alex:1.00
2026-02-16 14:11:25	0xd226fa39d47013627d440043a11ad3abe74f9c11b9c22426861ac0269f32a10d	2	1.00	alex->marcus:0.50;alex->stephen:0.50
2026-02-16 15:59:38	0x10ebb6c7e3311009d715a2d919d21b772246c995647e1725b68a06c98d9e0009	2	1.33	stephen->alex:0.67;marcus->megan:0.67
2026-02-17 13:52:03	0x0c26d1d32dbb259d7cf69c5a4f1d646cb46209a0b3299a044caa40168117dcf1	3	1.00	musa->marcus:0.33;musa->megan:0.33;musa->stephen:0.33
2026-02-18 16:16:20	0x517583b89fef6e555ce029efd2ab896ddd41dad82386cdbdc2372bf13eb9c04b	4	1.00	martyn->jem:0.25;marcus->jem:0.25;alex->jem:0.25;stephen->jem:0.25
2026-02-19 13:44:58	0x7bd702897806b49f9dc8c2ae68aa9a98b61f30106a1ef713d6f84c541602e9c3	2	1.00	marcus->alex:0.50;marcus->stephen:0.50
2026-02-19 15:05:53	0xefc9d47cd1010ae75d121babf339de1043aadfada7d8ed43a925f532cb80a333	2	1.00	marcus->stephen:0.50;marcus->martyn:0.50
2026-02-23 11:40:34	0x3588a3a2a5d7175890fd66334295e2536c8c57374f58face5dbf49929081434c	5	2.00	martyn->jem:0.40;martyn->stephen:0.20;martyn->alex:0.20;tim->jem:1.00;martyn->marcus:0.20
2026-02-23 15:19:59	0xb732e22c53e5d4d613c5d98ce07854342e75ef9697fc9f647dff2a2477b810bf	2	1.33	alex->stephen:0.67;marcus->martyn:0.67
2026-02-24 09:47:08	0x4c62e0bf6a98e316e792bae72db6cb33b403fb77a8f5aaeba2ae66a8420181be	2	1.00	martyn->alex:0.50;marcus->alex:0.50
2026-02-24 14:11:39	0xaf8e53b7a39f4ff660ce8d92ef06721cf7edbcd46f26702682796ea907ac0bb1	5	2.00	alex->marcus:0.20;megan->tim:1.00;alex->stephen:0.20;alex->tim:0.40;alex->martyn:0.20
2026-02-25 10:25:01	0x6264f46a4f2247016dd5aedfe011ac5170cfe14c5b8fb55123d0b4fe4e3ef991	3	1.00	alex->marcus:0.33;alex->stephen:0.33;alex->martyn:0.33
2026-03-02 14:01:51	0x379daf9781cde13a99493b8f07081aa9a27df10dda6a90f9b2a0a90444913957	1	1.00	stephen->tim:1.00
2026-03-02 15:30:43	0x1e950abe1ce36476e6bac32c54fd0ab0c669478dccc84d7238d31135b035a9eb	2	1.00	martyn->sasha:0.50;stephen->sasha:0.50
2026-03-03 11:17:35	0xa054d4fa8aa673d7f7e1507cbce85c5d76f1ee2f99c2c17c9c7c122a4571867e	2	1.00	marcus->sasha:0.50;stephen->sasha:0.50
2026-03-03 14:38:37	0xcf07b07f8ddaed4915543a96feddb8c880a05d1496e94390aca82522b41350b4	4	1.00	sasha->tim:0.25;alex->tim:0.25;marcus->tim:0.25;stephen->tim:0.25
2026-03-04 14:10:32	0x98db75d2f8fccc58b92a65a1e87f6cde8dc33bd6dd48d0e2350741136220c668	1	1.50	tim->stephen:1.50
2026-03-05 10:04:58	0x7c94e0ac662c055f6dd5234beb2ed8720e4ab9b4743149dbc58314d4aad02d2f	2	1.00	stephen->marcus:0.50;stephen->martyn:0.50
2026-03-05 11:03:30	0xf1c9b2d1cbca1581d13fc53835154b73ff492494a6dc7b162c386a8b74d468e8	2	1.00	alex->sasha:0.50;marcus->sasha:0.50
2026-03-05 15:13:34	0xa4b53c649299eeddd0e864dcd8d88f71260d194238763b5ff4d3f69515eafb71	1	1.00	stephen->alex:1.00
2026-03-05 15:21:57	0x957af755092ce6ae8d3a2529c0e982d77d9195eeda8fc7a3b2394fdb07b60a74	1	2.00	megan->tim:2.00
2026-03-06 11:45:26	0x909dd54b4ea078b41c94d75ba761d3b7f5e34e15f43ec42ff50019dc13a8b59d	2	1.00	alex->sasha:0.50;alex->stephen:0.50
2026-03-06 15:53:36	0xa9466159a22fdc69a31df856cf224a7e65e733d37e196bcc2c4cfccbe261bd2a	2	1.00	martyn->alex:0.50;martyn->sasha:0.50
2026-03-09 11:14:40	0xb77729229b78bd2c778231e8f318b14a222b5297523184f7508ada197539c50a	3	1.00	megan->sasha:0.33;stephen->sasha:0.33;marcus->sasha:0.33
2026-03-09 16:06:11	0x514e8ac0500405c2e4027ce3962c7789429ee56382ed3f59fbc1469bef49d57a	3	1.00	marcus->stephen:0.33;sasha->stephen:0.33;martyn->stephen:0.33
2026-03-10 13:49:07	0x3b79f5dc0e99898fc6a1fa3a13c6f2454f71c979f71b6799ec759cffa2b44132	6	3.00	stephen->sasha:0.33;stephen->alex:0.67;tim->sasha:1.00;marcus->alex:0.67;marcus->megan:0.17;marcus->martyn:0.17
2026-03-11 14:36:03	0x155654ccc172dd321de01fe1ea1b4cfd41474f832cfa5360780b14576b6ffe2a	2	1.00	marcus->martyn:0.50;alex->martyn:0.50
2026-03-12 10:15:28	0xbaf5aaa858578b682fe292a2e22bc1f737709f932f7b351480e4bfd6cdfafeb9	3	1.00	marcus->alex:0.33;marcus->martyn:0.33;marcus->stephen:0.33
2026-03-12 14:08:46	0xb9643a9033b8e806a4f2c67e356bca28d0ed471bba1c50899b903fcf07666d4c	3	1.00	marcus->sasha:0.33;alex->sasha:0.33;stephen->sasha:0.33
2026-03-12 16:04:16	0xc383b739b902bc4c081013854fb18085b033a24fec210bd6e038943ade97cfbb	4	1.00	tim->martyn:0.25;tim->alex:0.25;tim->marcus:0.25;tim->stephen:0.25
2026-03-13 11:01:06	0xa055a9fff7ffa8dbf31bf2e9d10c7580c42075bc7439eb8bd934795760fb450b	4	1.00	tim->stephen:0.25;tim->marcus:0.25;tim->sasha:0.25;tim->martyn:0.25
2026-03-13 12:41:36	0xc08498efe35bbb4aa0f99529d4b8c12e5f52eb05266a35a739baa08edddd28f0	1	2.00	marcus->stephen:2.00
2026-03-13 14:04:56	0x6f83335be0b479ce829d0d3a732f40bb99acf66ff2ebdb1facaa10f7f72161ae	2	1.00	stephen->marcus:0.50;sasha->marcus:0.50
2026-03-13 15:24:49	0xe39ab3a92d8f379dbdca680278158b2bf6caadc3929bc5850a60051c5b791520	2	1.00	marcus->martyn:0.50;stephen->martyn:0.50
2026-03-16 13:46:12	0x3aeea359909f947b28fbd3282847f94dcfea265c2ed46dc5189954af8cf6a1c7	3	1.00	alex->martyn:0.33;alex->stephen:0.33;alex->marcus:0.33
2026-03-17 15:09:50	0xe2c9d554c9f8932ffddeb472a3e9d668b2149a75d60142a7ea818fc17f73a693	2	1.00	marcus->martyn:0.50;stephen->martyn:0.50
2026-03-18 14:14:38	0x68e6721a02cf60edb76bb04d5ac8fd2423716e8049f8b4011f5b8dc50eec5604	2	2.50	marcus->stephen:2.00;tim->stephen:0.50
2026-03-19 14:13:44	0x10eb7a5376c32f0afa464bb15e4384aeeead95985ecc69c323b38dc080130a3a	1	1.00	marcus->stephen:1.00
2026-03-19 15:03:02	0x071e109e9265979acdebc6a31506a3eccd294d3bf8c79b05b34341c8e75cc38f	3	1.33	stephen->martyn:0.67;alex->marcus:0.67;stephen->marcus:0.00
2026-03-20 10:47:27	0xebb371331df7453a62b4b1f7b4398388b4f28593fc13c9b92bac7b638c1b146b	2	1.00	alex->marcus:0.50;alex->sasha:0.50
2026-03-20 15:29:24	0xaba2dafe0602da30605947536f8dc4e681ce1e83e022aefba05876846dfa2d35	1	1.50	stephen->alex:1.50
2026-03-23 09:53:35	0x612b8122a88e4bad9631e43aafa87f1e290f8cb581d5396798081f49f7fcc9d3	2	1.00	alex->martyn:0.50;alex->marcus:0.50
2026-03-23 12:16:08	0x946b4f5f5d8853b3ec756bdd1c25751b7843e043aeeabf621dfaf184f0e325e1	4	1.00	stephen->musa:0.25;stephen->alex:0.25;stephen->marcus:0.25;stephen->megan:0.25
2026-03-23 14:11:34	0x4a6ca37276a033f9cacaf30564a330ee0096912693497784a6c6f43b1f5877e4	2	1.00	musa->stephen:0.50;musa->marcus:0.50
2026-03-23 16:23:51	0x601f6d4dd1fe7a07f62ab2660f6cea6c13c6f8a3b25f311a91f12c8d1e8ff97d	4	1.50	marcus->martyn:0.25;marcus->sasha:0.25;alex->martyn:0.50;stephen->sasha:0.50
2026-03-25 13:41:06	0x6f7083fa1d0fc7d301a983c1652e630565c2b922da45e84151cbceecb6cae047	2	1.00	martyn->sasha:0.50;marcus->sasha:0.50
2026-03-25 14:25:11	0x678f8afb798b9d757f77e9e2723edd26859957bf3940107af3f7b62d6ed21681	1	1.00	marcus->musa:1.00
2026-03-25 15:49:25	0xaa376b0b69bbf3b735168ba3546f624ad18fd895456b7420caefef90c54949ec	2	1.00	alex->stephen:0.50;alex->sasha:0.50
2026-03-26 13:38:05	0xb4364d82b77c3b6a5a2228f4c4d3d0979d9a702a664ce2f6cee5afdc248479fb	4	1.00	marcus->sasha:0.25;marcus->alex:0.25;marcus->stephen:0.25;marcus->musa:0.25
2026-03-26 14:36:08	0x52303c52ebdb5b08169d90f5854d4bdfea6208790bc7a929340bcf82b7fb2ad1	6	6.33	megan->marcus:3.33;megan->stephen:0.67;aatif->stephen:0.17;martyn->stephen:0.17;megan->sasha:1.00;megan->musa:1.00
2026-03-27 15:33:04	0x8c761128493b32e8f29f32c05e9b214c411c74cbacf556d6a4ceda2a056aa02d	2	5.00	sasha->aatif:2.50;sasha->alex:2.50
2026-04-07 10:33:52	0x3663fc1f62b22e4bd651c8c1f322a879da61899e42f881e2c7d87cfe8c142b40	5	1.60	musa->martyn:0.00;stephen->martyn:0.40;megan->martyn:0.40;musa->tim:0.40;aatif->tim:0.40
2026-04-08 12:33:35	0xe07eb09e2e878258b12d152a801872ec834006392d315c172d663902b2916efc	2	1.00	musa->martyn:0.50;musa->marcus:0.50
2026-04-08 12:34:21	0x10a0045fb983417e8fb47de711819868b92241cab17a3be1d8b9d92993a28fe7	1	3.00	aatif->alex:3.00
2026-04-08 14:17:21	0xdc8d1215dee79fd42b269a429fcb04a0ba7d4df951d6cd1f55ea81a16a50dfe0	3	1.00	stephen->marcus:0.33;stephen->musa:0.33;stephen->martyn:0.33
2026-04-09 10:00:54	0xe531f795ba78a911933a1b23c9012b0f57a39c8cc875c0ddb9b5d3f7ce0d59df	3	2.00	martyn->alex:0.67;tim->alex:0.67;marcus->alex:0.67
2026-04-09 13:09:27	0xccb78aa48904524412ce22813c82cd79de2ba3a76466834904bf9d04f4f3e935	5	2.40	marcus->tim:0.60;stephen->alex:0.00;marcus->musa:0.60;stephen->martyn:0.60;marcus->alex:0.60
2026-04-09 15:27:23	0x98f9904c02d6d313ce44a8a55b34555cb29b005f32e30c62176049893dbf22b4	3	2.00	martyn->stephen:0.67;marcus->stephen:0.33;martyn->alex:1.00
2026-04-10 13:08:58	0x225df45045720e53d90a17e75e5fc5fa5477c299eb2b352fe4d8c2a9367e88e1	2	2.50	alex->tim:2.00;alex->martyn:0.50
2026-04-13 09:22:51	0xbb1ca5ff02e17d20de9914733bfe528975a91315c1f0b583ce765b223a8c810f	3	3.33	martyn->tim:2.33;martyn->marcus:0.67;musa->marcus:0.33
2026-04-13 13:05:09	0xe6017a8374b0b727a0d803d2607721900cf89ac64254f63ddf138d21a5b48728	6	5.67	jem->alex:2.00;jem->aatif:2.00;jem->martyn:0.83;jem->tim:0.17;marcus->tim:0.33;musa->tim:0.33
2026-04-13 14:35:15	0x6dbf0ef55c9421ac6e1f31839f83d3959bc2dfed1f6dc28cc4c1fb26ce777b2e	1	1.50	marcus->musa:1.50
2026-04-14 08:55:18	0x37ea1ef99267760f164edd0099545452eb8df9aff5494893267a063aa27c1de9	1	1.00	alex->martyn:1.00
2026-04-14 13:52:12	0xce6642043c8b0f71ea24d114d4e608435c4c34c9d26ff312c7675d1406e1bd2f	2	3.75	martyn->aatif:1.25;marcus->musa:2.50
2026-04-14 15:19:34	0xe9a63db81b2e142bf949e157d43a8e728312af2b1f2485cb892a8964e22be37d	5	4.20	musa->marcus:0.40;jem->martyn:0.20;musa->stephen:0.60;jem->stephen:0.80;alex->marcus:2.20
2026-04-15 09:30:29	0x4fc0c6abb90733a1e02c5a1f87a1da14d92c409b245791bff035faa2090e0e58	4	50.25	musa->alex:14.75;musa->stephen:7.25;musa->martyn:13.50;musa->sasha:14.75
2026-04-15 11:18:43	0xd35cee0fbdc200e465621e2da8c4c1dd880d2ba3b76cf941ea44ced508588945	3	2.00	martyn->marcus:1.00;martyn->musa:0.67;alex->musa:0.33
2026-04-15 14:09:21	0x030dfbeb70a1e1640e11126f5e36381da2e251d1b63f30d13dea9160debb186a	3	1.00	stephen->martyn:0.33;sasha->martyn:0.33;alex->martyn:0.33
2026-04-16 13:32:05	0x6c8cf0c05a021428f88b1d92e7c65ea3472e5d4e719334944c4bd8c011717c87	4	4.50	martyn->alex:1.75;martyn->marcus:0.50;martyn->sasha:0.50;martyn->stephen:1.75
2026-04-16 14:22:09	0x4b16ee17eefaaabdd737555ccdf1a7f26fa86b699c9d73f6316093fa4cb8b18a	5	4.80	tim->musa:1.20;tim->marcus:1.20;martyn->alex:0.00;tim->stephen:1.20;tim->alex:1.20
2026-04-17 10:18:07	0xf6d9f37210968be89f5736e1f21071044799e905a9c50585ed9b75879e4d7810	3	2.00	alex->marcus:0.67;alex->sasha:0.67;alex->musa:0.67
2026-04-20 07:42:20	0x42905fb74bdbd9006d7d11c85f9f3ba89f0e6aa7ce00c1b21ed6592d90d60370	1	2.00	tim->alex:2.00
2026-04-20 09:23:19	0xc76ea68846b9f759343609486f1da4b188844766e99957d5d7590b9983ef070d	1	2.00	martyn->alex:2.00
2026-04-20 12:30:05	0x89f530f07ce59824d34b98ae5b49b8d27640610eba54aa813e41e23f7c4b5134	2	1.00	martyn->sasha:0.50;martyn->musa:0.50
2026-04-20 13:24:19	0xe7d6c535dc1cb692af23da6d8b724db20e38fc9b2ab4b1796c6a5199d636c019	3	2.00	martyn->musa:1.00;martyn->stephen:0.67;marcus->stephen:0.33
2026-04-20 14:49:14	0xf015aa400deaf2307742c24cba9c06b36ea3c2f216d68771eb51a4bd5753a8b9	2	2.00	marcus->musa:1.00;marcus->stephen:1.00
2026-04-21 08:37:50	0xb3b7c4c421b69a3e9fe81eaf0f9656e3cdebef2cb41e3c93b3db1a75be539179	2	5.00	alex->martyn:4.00;alex->marcus:1.00
2026-04-21 10:27:16	0x33715fd21bde678fc69b84960daf1364b179967c07de91822ee5f966da13b5ae	3	4.50	tim->martyn:1.12;tim->stephen:1.12;tim->jem:2.25
2026-04-21 14:15:32	0xfd91efa4b69078536a6c37233a0a96c78f13ba3cfb2f8ccf12cebe651090ae97	3	5.33	aatif->marcus:1.33;musa->marcus:2.67;alex->marcus:1.33
2026-04-21 15:09:33	0xa28b136e8c904576f56b730941c0e0195cf3057b9a142b2160a93f15f39f897d	1	1.00	musa->stephen:1.00
2026-04-21 16:18:44	0x288507941efef64727c93a2086772afcce736507bd9f99e7c55bb2f26bb566c2	1	8.42	0x360e68fa->0x2cfd3185:8.42
2026-04-22 10:32:01	0x996e7fc8a4fa3e9753b41869eace5c5deb83bad59e98d5e2638fd2b019f14e1b	4	3.50	marcus->aatif:0.25;marcus->tim:0.75;marcus->musa:2.00;alex->aatif:0.50
2026-04-22 10:33:33	0xdceeb0f3a6f1f99706efe6c378c9f4524c4292848aaa466e47d67e72de5c60c1	2	5.50	marcus->martyn:0.50;sasha->martyn:5.00
2026-04-22 10:34:47	0x84be02837fe205dcada61088ef1348a97e37240572200746229e0e220533c3f2	1	1.00	jem->marcus:1.00
2026-04-22 13:34:57	0xa2c86fe1d76034da08cd7a6c5f77647a4a76b0b27262597f57c7cea129f95426	4	3.25	marcus->musa:0.75;martyn->stephen:1.50;marcus->tim:0.25;martyn->musa:0.75
2026-04-22 16:22:52	0x6b42ccd0f5080152170612b7b8321c0bae367086a0ec5faabc6ca9f14d9c3355	1	5.00	stephen->alex:5.00
2026-04-22 16:23:59	0x4892ce8ac64d9bd4a50f3c9aa95b2ba015d0d07516aa1af04cc9e29f4757bf42	3	6.00	marcus->sasha:0.67;marcus->martyn:3.67;jem->sasha:1.67
2026-04-23 09:57:50	0xee93777e6981bd41feba8bf501423a85789bc658c13ea9225dc66508e14b3693	2	2.50	martyn->aatif:0.50;alex->aatif:2.00
2026-04-23 11:35:27	0x1f848c56060e1bbd9e588ddd6af1316f8ba349fa19f7f57b6009f583f143b8ff	3	3.33	tim->aatif:1.67;tim->megan:0.67;alex->megan:1.00
2026-04-23 14:18:27	0x9d30119ad5ce84de1d9ced4f41fa88dfef24abdff7bd57951388291c371ebfa3	3	3.67	alex->sasha:1.67;alex->martyn:0.33;alex->aatif:1.67
2026-04-24 12:39:16	0x59b96f4dbe47864afb7813712540c1fa4a35a3c813bf5bd1c60990bbb6adb8b4	6	9.17	aatif->musa:1.33;alex->martyn:3.17;alex->musa:0.67;tim->sasha:0.67;tim->jem:2.00;aatif->sasha:1.33
2026-04-24 14:05:00	0x5dd66c941f96369d7b0210368b82230ab10e47a9f700e1a7ae565798a028a99b	3	5.33	musa->jem:3.33;musa->alex:1.33;tim->alex:0.67
2026-04-27 13:18:19	0x8535aa92dca0a3400913a074eb0989ca56629cfba1fbf4e15f21dd481cced167	1	3.00	martyn->jem:3.00
2026-04-27 14:28:35	0xd9334e434a3b4bba539c18e92bbb5c9a9cc4d29c53a1d3efc510006be16bf9e5	4	5.75	marcus->martyn:0.75;marcus->aatif:0.75;alex->aatif:1.50;stephen->martyn:2.75
2026-04-28 09:48:18	0x66bfb24bbb16ed6b2b1f6830910ba121cac92bfa49d89f873a7d0205603942d4	4	4.00	marcus->aatif:1.50;stephen->aatif:0.25;marcus->alex:0.50;stephen->musa:1.75
2026-04-28 13:45:57	0x063050be7021809876ce6fb5658db4b5cfc92ee39291cffe77ad7629ae259573	3	3.33	sasha->musa:1.67;marcus->musa:0.67;marcus->alex:1.00
2026-04-28 14:47:29	0xe65ac0037f44578eba27e67fb900e6ff16c5183ea290223bd787afd6fa6565dd	7	4.86	marcus->jem:0.57;sasha->tim:0.29;musa->tim:0.29;stephen->tim:0.29;marcus->alex:0.86;aatif->jem:1.43;sasha->alex:1.14
2026-04-29 09:33:58	0xe4f0747471e65b175a52a78c81e4effc370039ff1bff518ebd8148d59dabc3fa	2	3.75	alex->martyn:2.50;sasha->jem:1.25
2026-04-29 12:41:17	0x71b85bff9f58f1d40ed6be9238afde6f80af076db8dc572cbeff0453db5a7b44	3	2.33	martyn->musa:1.67;martyn->alex:0.33;martyn->sasha:0.33
2026-04-29 15:58:14	0x48a2a8ac1fc260f7f1216881824cbede078903c39a1796ab90bb0c047fe4a45a	3	4.67	martyn->sasha:2.00;martyn->alex:0.67;martyn->aatif:2.00
2026-04-30 09:44:34	0x5b825e56f16daa7a9bed1ab49d28108510ce011273d2b2cef749da319078a915	2	4.00	aatif->stephen:3.50;aatif->marcus:0.50
2026-04-30 12:35:01	0x5e6c052524ec8787cfa4d4864128c08c2ca1c60bc80bf851f996cf780516ceb4	2	3.75	marcus->sasha:1.25;musa->aatif:2.50
2026-04-30 13:40:16	0xae7d74da74cdff6a02ae4f0e8cb2527f050c32ce2c44b8a7c3c4bd39969013e3	3	4.00	marcus->stephen:1.33;marcus->alex:1.33;marcus->tim:1.33
2026-04-30 15:04:39	0x3c2b18538b48285084413fca66874e4c62b11b419c34751ca5f29e68802855d5	6	4.33	alex->jem:1.33;stephen->martyn:0.33;alex->martyn:0.33;sasha->jem:1.67;stephen->marcus:0.17;musa->marcus:0.50
2026-04-30 16:42:17	0x0f81aeb79bcbdaec83862bf54042e80f8e74813058c8a87e4b909b52a59c0740	1	4.00	alex->musa:4.00
2026-05-01 09:57:58	0x20a96e1c43e725c7e3eb0f0fb465d59e25b9bb37914e57690e18da0a01a03649	4	4.25	musa->alex:1.00;musa->aatif:2.25;tim->marcus:0.25;musa->marcus:0.75
2026-05-05 10:27:10	0x7bac083f91e35ad8e0f78e3cd9d62b3869829fe6cc45666c63d3e05bdc3853cf	2	1.00	tim->stephen:0.50;tim->musa:0.50
2026-05-05 10:28:02	0x5bd1cbfed597a23ab767b200462fb3fcd54ebf17af31a9b1e728c6bf6ad71411	1	3.00	alex->jem:3.00
2026-05-05 13:23:53	0x1e3bf121aa1e24041949d1dd676795cc236dab7b2e8d540674c72c2f0653164a	6	4.17	stephen->alex:0.17;marcus->aatif:0.33;musa->alex:0.17;marcus->martyn:2.17;sasha->aatif:0.67;sasha->alex:0.67
2026-05-05 14:16:49	0xa1c3fb479d328d35855c17f08c4ee38589f9ba98721e011b8ed52391675b65e3	7	5.57	musa->jem:2.71;tim->alex:0.43;stephen->aatif:0.29;stephen->marcus:0.43;tim->martyn:0.14;tim->aatif:0.14;musa->martyn:1.43
2026-05-05 15:53:40	0x508ff51749328b55be47458b2153a9b951c600d23a39f8b394ddd16f8cf025b4	5	1.80	musa->alex:0.00;stephen->jem:0.60;musa->martyn:0.60;aatif->alex:0.60;aatif->jem:0.00
2026-05-06 09:02:53	0xa7b81d4b11789934c4ab4c201dbd8ad3c780f12184ee7b08d7ee3949ecc066f8	3	4.00	martyn->alex:1.33;martyn->marcus:1.33;martyn->aatif:1.33
2026-05-06 09:58:51	0x46765ae942fd5d207d7fc01c9edda6b6a24c051667b1d247200a758ea2e2349f	2	5.33	alex->aatif:2.67;alex->martyn:2.67
2026-05-06 13:21:51	0xfe8fc93386a0468e7b430d2322f72acd31efc85ff5b48be0919f65ff913a0739	4	3.00	alex->martyn:0.00;marcus->tim:1.80;sasha->martyn:0.60;alex->jem:0.60
2026-05-06 14:38:08	0x0cb9ec884036facc50f6933288adf0ac8248fd5d6bc351f7def8c87901cdcec1	1	1.50	stephen->martyn:1.50
2026-05-07 08:56:40	0xdc938e9b96421f2417094ed612a862720c392cc57e6073044c7d25f09a64a48b	2	5.50	martyn->marcus:3.50;martyn->alex:2.00
2026-05-07 09:10:59	0x35d03545a7050ce2071ad397fc8b5a47a6cc73a6b28d99d0de66b9971d5d1aa9	1	30.00	0x2cfd3185->jem:30.00
2026-05-07 10:27:48	0x1bf2cf0f65b41425904614867986436d879cafb3703f9a175deba174cbb4ecd8	3	1.33	martyn->stephen:0.00;musa->stephen:1.33;alex->stephen:0.00
2026-05-07 12:32:04	0xe82db443f217d1e3ae10cc986a0c070e497641a4854a49ed4325b849484b5840	4	1.50	sasha->aatif:0.50;stephen->megan:0.50;sasha->musa:0.25;stephen->musa:0.25
2026-05-07 13:28:00	0x5805b6976c6a121d19bad1321fe80a5b3803130a9bedd3dbe306e51feac1856f	6	3.17	martyn->jem:0.83;musa->aatif:0.17;musa->alex:0.17;martyn->stephen:1.33;musa->jem:0.50;musa->sasha:0.17
2026-05-07 15:06:36	0x38e2cc79b9f60d06d4cfdaeef8c5fcc591ae3ace1642d0af53b0183a29f84950	5	2.80	jem->aatif:1.60;megan->musa:0.40;stephen->musa:0.40;megan->aatif:0.00;martyn->aatif:0.40
2026-05-07 15:33:24	0x86f4f13765211490a5380fef113618f87b52d0a53f9b72982bd9b3ca57618691	7	3.57	stephen->musa:0.71;stephen->jem:0.57;stephen->aatif:0.71;tim->jem:0.14;stephen->sasha:0.71;alex->martyn:0.43;tim->martyn:0.29
2026-05-07 15:55:09	0x6326d328dd28fd445d60347b2c85fcd9696c1339500d42937d388b3f3dcead60	8	3.50	marcus->tim:0.38;marcus->stephen:0.50;alex->tim:0.12;marcus->martyn:0.50;alex->sasha:0.50;marcus->musa:0.50;marcus->aatif:0.50;marcus->jem:0.50
2026-05-08 09:26:41	0x4eab86b24845b4ff82ccdb8d48fabc6682e9bcca62551a4767aae3940d8d517c	4	3.50	tim->sasha:0.25;tim->martyn:0.25;tim->musa:1.50;tim->marcus:1.50
2026-05-08 12:35:54	0x71147dc9a18b1f337d26650707418f3799fc834c9cdfc26be2b31668fbd38897	3	1.80	sasha->aatif:0.60;marcus->musa:0.60;tim->martyn:0.60
2026-05-08 14:23:26	0x6041d72750b2b6171b6c9ea8dd447b52161e81045085325988e3f0ae56c58504	3	2.00	aatif->marcus:0.67;musa->marcus:0.33;aatif->sasha:1.00
2026-05-11 10:40:30	0x301150896a1b06dfbfdc3045a77f6dbb99492923cb68d8e081e1b3080dabd440	4	3.25	aatif->musa:1.75;aatif->tim:0.50;aatif->marcus:0.50;aatif->stephen:0.50
2026-05-11 12:34:52	0x9493d218b5827a8fe03a6e9c122ce41eee5a7d8435ff923645894423e4189535	2	3.00	marcus->tim:1.50;marcus->musa:1.50
2026-05-11 13:26:15	0xee1c229d3fff62c737c7fcbc9ae62939747c2ef383b3212872e4cc9122c046bf	4	2.00	jem->stephen:1.00;marcus->aatif:0.25;jem->aatif:0.50;musa->aatif:0.25
2026-05-11 14:43:09	0xdb118863556915ce639aec46ee249eaf16e4047d9d52c09c897bcb5f1a51680f	1	1.50	sasha->aatif:1.50
2026-05-12 09:10:45	0x3cb22870473dc59a810475ec3c734a26330ac577c2fb0b94bc680bd2d7aa654f	4	3.60	jem->stephen:1.80;aatif->alex:0.60;megan->alex:0.60;marcus->alex:0.60
2026-05-12 10:04:00	0x97502bbd8f1b37a238d980394ecd8041e13ce7903f0de68f74aeca628cae3bab	3	3.67	aatif->musa:0.33;aatif->megan:3.00;aatif->stephen:0.33
2026-05-12 12:00:21	0x3abf3cfcb38233c55e9f5e269786f90d9138c96e858c05833e2dcc7012be2914	4	5.25	sasha->musa:1.75;stephen->musa:1.50;alex->aatif:1.75;stephen->aatif:0.25
2026-05-12 13:10:53	0xa3d529f685fef77d7c785fbfd946595ee65a190c4f9d3fb6924b3c1dd47d91f9	3	3.33	stephen->aatif:1.00;musa->jem:1.67;musa->aatif:0.67
2026-05-12 13:48:18	0x0d184715c8fa24b31fe53e5c4d543e978eb443a612bd8425446867435e6412c3	3	5.00	musa->aatif:1.67;musa->marcus:3.00;musa->alex:0.33
2026-05-13 09:25:31	0xfdaf55d52e32e5c82a4d5d3094bf100ae5fbf59af038f0fb90aca336d778252e	4	4.80	martyn->sasha:2.40;aatif->marcus:1.20;jem->marcus:0.00;musa->marcus:1.20
2026-05-13 12:30:23	0x0dbcaddda4bcdd0e886d8682800c07a268ea1f00623e69ef446e384216c9d9a1	6	3.17	marcus->martyn:0.17;marcus->musa:0.17;jem->sasha:1.33;marcus->aatif:0.50;marcus->stephen:0.17;jem->aatif:0.83
2026-05-13 13:44:26	0x5193cd79edf45509e645b54fad490a33ad77b394be114ff1439dd9229f4e4d03	5	1.60	aatif->tim:0.00;musa->tim:0.40;aatif->stephen:0.40;marcus->tim:0.40;martyn->stephen:0.40
2026-05-14 09:17:44	0x93bc039f11c511c021b1211ef2ed4336333d95de352e41e26a5199437feb415f	2	2.50	martyn->musa:2.00;martyn->stephen:0.50
2026-05-14 10:21:03	0xb2c38be5b55fffa01877bc01bc10fd6fef20855a795257f0ab354a95261b6256	1	1.50	musa->martyn:1.50
2026-05-14 12:23:57	0x2d73ea4e580f61dcf1d489d858324b17dca0ce7b27db5aac377e89180edee63d	4	2.00	musa->aatif:0.25;jem->sasha:1.00;martyn->aatif:0.25;jem->aatif:0.50
2026-05-14 15:21:50	0x98accbcff00586db2fb44f3cde2158fc511a078328fe4e628979e9d194f03a81	6	3.67	aatif->sasha:0.50;aatif->musa:0.50;aatif->martyn:0.33;aatif->jem:1.67;alex->martyn:0.17;alex->stephen:0.50
2026-05-15 08:37:52	0x8e841c5904541f5d05f3a567693a5d8c554209e7344afa45d4f3a57bfc5444a1	2	1.00	martyn->marcus:0.50;martyn->alex:0.50
2026-05-15 09:47:20	0x7c026f3c8aca8c9169a9856f9179868f163ec9565ba886a20ce242c16c5214b5	1	1.25	alex->marcus:1.25
2026-05-15 12:51:37	0x4950b4a65a8dc8db0946fc358de028d3ef50375d15f5a660f938236e2bf37cd3	3	2.00	musa->martyn:0.67;stephen->martyn:0.33;musa->alex:1.00
2026-05-15 14:01:46	0x5981e6212bc0a4b080971ae3f8c3f187776c39efdaa7979e932fa63b208776fd	1	1.33	musa->sasha:1.33
2026-05-18 08:13:28	0x9045552a45037edc37bf1849c306cd4243115ba6adbdd93bf19b42fef1a3dd3b	1	4.00	alex->martyn:4.00
2026-05-18 10:11:43	0x9aeb910b4a3336e5fcf79aaf6455d7ffbb4fb362d51e85644db7760ec262a94b	5	2.40	stephen->martyn:0.80;alex->marcus:0.40;sasha->marcus:0.40;stephen->marcus:0.00;stephen->musa:0.80
2026-05-18 13:02:33	0x24c6327d2f0ea6b084f1a75a68cdc3a2b6f919f12da23e985af8dba075e048d3	1	2.67	musa->sasha:2.67
2026-05-18 13:36:15	0x528462eaca5937ea30ccf8621f0780a25ee067f04ac25102740482fc7c3135ff	1	1.00	megan->stephen:1.00
2026-05-18 14:41:26	0x2d6acda6b61d7b6ce81fcf69cee29364fcf5d1d015c37b61810c99a98539e9ce	1	3.00	marcus->martyn:3.00
2026-05-18 15:01:46	0x9c781d59b9f02d44c2d8fb3416ed3e355b3b4b171a1b01da1bc94e0e097843c3	2	3.50	tim->sasha:2.50;musa->sasha:1.00
2026-05-19 08:20:46	0xfadff8b2c92d88a418c8a018d537a81f05dcc88a3c1ae03c27d08711fcedb0db	1	4.00	alex->martyn:4.00
2026-05-19 09:39:40	0xe482a127587cbf5a1cb61e55ac1307975967736e05dbf8e5c431b3b2e7034595	3	4.67	musa->marcus:2.33;martyn->marcus:0.67;martyn->alex:1.67
2026-05-19 14:54:49	0xde8a578ddd517b1f77e3cf479562114fba1347b5797acd533a9f9066f9567adb	4	3.25	marcus->martyn:0.25;alex->aatif:2.25;marcus->musa:0.25;marcus->aatif:0.50
2026-05-20 08:41:49	0x01e5f069f01b94770cfbfdf943ec6d24f4d7c83fe8af81594571847a22d01773	1	1.00	marcus->alex:1.00
2026-05-20 09:56:17	0x7b162b05b7ac8496b93181f4a540a36aa7a2afd3af5596eff95c42d2d40cf136	2	2.50	martyn->alex:2.00;martyn->sasha:0.50
2026-05-20 10:48:38	0xe75058aa92ef337501f3150eea21c5e84747cd4a9e9d4b6c4e478ff8822fd97f	1	1.50	martyn->alex:1.50
2026-05-20 14:28:51	0xac63682bb9db06dfb0378fa5ff66464f537923242cb182a4668d3e6d9a9cc4c4	1	1.33	alex->sasha:1.33
2026-05-21 10:14:47	0x0a1efcd1a3e33bab3a7823b615589a2e59db95d8d457a57848238228f194fb4b	3	1.00	marcus->sasha:0.33;marcus->martyn:0.33;marcus->alex:0.33
2026-05-22 09:37:11	0x4673dc40fff5c9e51622102e95e54f54a7ba874882e44c348e4b1180ef7b3580	1	2.00	stephen->marcus:2.00
2026-05-22 09:37:57	0x428006a2bc525db2ac96522499ca05e131bf88b1f6640f1968ca9a7faf1e4621	1	2.00	marcus->alex:2.00
2026-05-26 09:00:17	0x0efd7fdfe08ea668e54ebceecc6fdfea4c084fda060cf6fd766194cadc0aa9f3	2	4.00	stephen->alex:0.50;marcus->alex:3.50
2026-05-26 12:23:13	0xb3f6ce355e50a5bd8834a4964943512fb6f62af70d0d686d74c6909197622ce1	2	1.00	alex->stephen:0.50;alex->marcus:0.50
2026-05-26 13:49:45	0x4eaea2297087807d8bdaa070eb714a5b6bff8f5444d058833627c1cb430ec915	2	0.00	sasha->alex:0.00;sasha->marcus:0.00
2026-05-27 09:34:39	0x4b3c6ec10d49fd89b5d191cb1b5ae86e2df5965608c71f2c1481d36d06fb299a	1	3.00	stephen->tim:3.00
2026-05-27 11:50:50	0x679d3b8476e062088e68a400985a9cdee170d168f5ae920eca795272b29d7812	1	2.00	marcus->stephen:2.00
2026-05-27 13:55:13	0x9583114be9856985038931fc1d118f7f51a47a9816d113c42b7ad48eccd710c2	2	2.50	alex->stephen:0.50;marcus->stephen:2.00
2026-05-28 10:49:57	0xe032b5bca0c9e1ac3eff60edd95293da26cfa0b5510dcef5cc649e19d2d3ce2d	4	3.00	musa->sasha:0.25;stephen->marcus:1.00;stephen->sasha:0.75;stephen->tim:1.00
2026-05-28 12:17:10	0x76d86226d4635082b80850e6a5b0282b16d0e033a8e387baaee08700bb00e3a9	3	1.33	stephen->musa:0.67;alex->marcus:0.67;alex->musa:0.00
2026-05-29 10:18:53	0x4c0632d08608d8685c3e44915beec08e3f97f579cbb472dbe0fd3ef237b63e19	3	4.33	musa->tim:2.33;musa->marcus:1.00;musa->stephen:1.00
2026-05-29 14:09:43	0x95d22fd9fa19034e2bab4b60fda594abc7c953881f76327e1d9966bc4982a128	2	1.00	alex->sasha:0.50;alex->musa:0.50
2026-06-01 08:54:31	0x90504bf483d865721ed028f57c36c91703ab6f93d29d6fc1e1986d3fdd753ebd	4	2.25	sasha->martyn:0.75;sasha->alex:0.75;sasha->marcus:0.25;stephen->marcus:0.50
2026-06-01 12:40:01	0xb2611e7fbf103ac28582d2a6af065b6d82cefdf2666846e5dd2d41fc38195f7b	4	2.75	musa->marcus:1.75;martyn->stephen:0.50;musa->alex:0.25;martyn->alex:0.25
2026-06-01 14:06:56	0xb0de975154b59c4e5d25b4cb1d47873a868834ba6a270c3957aaa7c75c98bb43	4	2.00	stephen->martyn:0.25;sasha->martyn:0.25;marcus->martyn:0.50;marcus->musa:1.00
2026-06-01 16:09:15	0x701145b64c0729c6a898fd4d82a5aa45d745f6144318a7e9709f80fb91728646	2	5.00	alex->musa:2.50;alex->martyn:2.50
2026-06-02 13:16:33	0xb7ad1b2a08db90ddc019c3576789d6cf0bab8906863329bb3ed306dd3bff5030	3	4.67	marcus->sasha:3.67;musa->martyn:0.33;marcus->martyn:0.67
2026-06-03 09:53:37	0xb692b54c55fecab81263bb8a1d2f9d494076f53d9c6df676cf125c5a25cd20d6	2	4.50	marcus->martyn:1.50;marcus->musa:3.00
2026-06-03 15:05:53	0x4d370a8fcd8f55fadbb5e11b18165c295aa5e7f367f560cce8d06fcb7bb9d388	2	4.00	musa->marcus:2.00;musa->tim:2.00
2026-06-04 09:44:37	0x01cb9fe5059973dbf381755e528fade608870620d582c41c922ef90457ce6c9b	2	1.00	stephen->sasha:0.50;stephen->musa:0.50
2026-06-04 10:34:20	0xca88394187d7b486cd2c1b455d3e0bd2de2739637676b267fa227db9f05adcb2	3	1.33	stephen->marcus:0.00;musa->marcus:0.67;stephen->martyn:0.67
2026-06-04 13:03:28	0x9fed97086890422808fb8b0371126e66e2ac963a52a57d960f1af1cd0521ccfb	4	2.00	musa->stephen:1.00;sasha->marcus:0.25;musa->marcus:0.50;tim->marcus:0.25
2026-06-04 15:13:23	0xa88a01273b0b3b2e0402c87627549952a58f749cebddf6fe39a0823b490aee3e	1	1.25	stephen->martyn:1.25
2026-06-05 10:08:34	0x853526a7a43d4f5952854e38a4258c1dbefa1701601bcf2452487e1520871c09	3	4.00	martyn->marcus:1.33;martyn->stephen:1.33;martyn->musa:1.33
2026-06-05 13:44:14	0xb4f9f6380ec4a22ebf2f03f9f4e13cbec190059fb70c45b545debf195872a76f	3	2.00	musa->stephen:0.67;musa->martyn:0.67;musa->marcus:0.67
2026-06-08 11:18:22	0xce308ebcfcf0dcba1355d7a66aa7d314fbbe4930dc94744572931196c57cd9af	2	2.00	aatif->jem:1.00;megan->jem:1.00
2026-06-08 12:37:59	0xc3010ac1005098a371a00a571ef37c1de324faa071cde97def73160ecbedb31c	4	2.25	megan->aatif:0.75;tim->jem:0.50;tim->aatif:0.25;stephen->aatif:0.75
2026-06-08 13:45:45	0x2d26ab40e85014efd23edae517311d96434d08a23b3265d2d568d6eb925e9966	2	1.00	stephen->jem:0.50;stephen->sasha:0.50
2026-06-09 12:03:09	0x96048065de5f09dd2fa389ec594f23d542b0cc34eef977d5d21d96c9a6238e9e	1	1.00	aatif->musa:1.00
2026-06-09 12:03:29	0x5682fbb7394f9a4e99aff7ed0c5c2dafe61a0b5639fd688959d1b4667c891b12	1	1.00	musa->aatif:1.00
2026-06-09 12:06:27	0x1c715ead40d78d01dc2d527bda6433272044a0ed8ebfd26a2bce97329e98005e	1	69.00	sasha->adam:69.00
2026-06-09 12:13:14	0x33942680b66e632f5e1039cbed26e64348962999804b4e50333594d81606ebe3	4	2.00	musa->megan:0.25;musa->aatif:0.25;stephen->sasha:1.00;musa->sasha:0.50
2026-06-09 12:15:39	0xdcb6836c9564cd539f96b40bc570dbaa4871b2ea1e0caf3b375c8eef6bda0a63	5	2.00	adam->aatif:0.40;jem->aatif:0.20;adam->musa:1.00;sasha->aatif:0.20;megan->aatif:0.20
2026-06-09 13:29:21	0xea67ed437832ed563adacf7ffd5e7c180f74316ecfec67e426870ba636f20559	1	1.50	megan->stephen:1.50
2026-06-09 14:17:24	0x04a1c2740870cf38a9852bed8a32ecfe30e375507e27e18bb0e6c0378e9d245a	4	4.00	stephen->sasha:0.25;tim->sasha:1.75;musa->jem:0.50;stephen->jem:1.50
2026-06-09 15:26:41	0xbb1d752e95df535d699a5bee514fc813e758ad4066ada12073a28ec1220e92c7	2	4.00	megan->jem:0.50;stephen->jem:3.50
2026-06-09 15:47:36	0x670d6a3acf5e9439c5e38b44a03a41b6a3a86be9fbcc92a83e9fd8cb51b27974	3	4.00	musa->adam:1.33;musa->megan:1.33;musa->jem:1.33
2026-06-10 09:17:35	0x11c2694ceaaac0e1027b0d79f5f746edfddc2408afa57c66b01c17681703cdec	5	3.00	musa->megan:0.60;musa->aatif:0.80;marcus->megan:0.40;marcus->adam:1.00;jem->aatif:0.20
2026-06-10 10:06:31	0xb33ddcd43064443ac3d7c724d46245a9bf0cef5dc733dfb3b732e6fdd0673e5a	3	1.33	jem->musa:1.33;jem->stephen:0.00;jem->aatif:0.00
2026-06-10 11:11:50	0x75965e007a2ea58c15089c53724f91448624a89ff9dd21f83448aef8e6487339	2	1.00	stephen->jem:0.50;stephen->musa:0.50
2026-06-10 13:52:09	0x9fec8e35b9b7ed8435e585b3f6c0067cbe3115620153762c6ab514c14839a4d9	3	5.33	adam->aatif:2.67;adam->musa:1.33;adam->tim:1.33
2026-06-10 15:15:14	0x42c28e92c331820d3a91a8f93201f0e527b258583ee0c49c40658391b3242ea3	1	6.00	stephen->musa:6.00
2026-06-11 10:07:56	0x4b6f0daa2b19e9b7e59cb323f7e977e67bdaf4a537b20516677c55e395073786	5	1.60	stephen->aatif:0.40;musa->megan:0.40;alex->megan:0.00;jem->megan:0.40;alex->aatif:0.40
2026-06-11 11:22:42	0x27582d0c959caa3fb6e4d95a3bf0428575b203020f45f41f4343e5afea9c6d35	6	3.17	stephen->aatif:0.33;stephen->megan:0.33;stephen->jem:0.33;stephen->adam:1.50;stephen->alex:0.33;stephen->marcus:0.33
2026-06-11 14:18:12	0x0bc368c924ddf1536914a464cfcd16b221d9fc05fe22422c97cd3e77cd0e128b	1	1.00	musa->aatif:1.00
2026-06-11 16:12:30	0x2825bf6508f6b5f2c9cbe49445492e7d3d1770d0bc89d5c1ac95c754c0a73a21	2	3.00	jem->aatif:1.50;jem->musa:1.50
2026-06-12 09:47:52	0xb41475f0e4c6647ce2500d85d23fe7a41cf5e5bad34a6a324d565b74ac53139d	3	1.00	aatif->musa:0.33;aatif->marcus:0.33;aatif->alex:0.33
2026-06-12 12:31:23	0xc64bff7e5c2f7da1fb2d74a112698bb6ae810ee92fc48384e548667069c715b4	2	2.67	alex->musa:1.33;marcus->musa:1.33
2026-06-15 10:15:55	0x04a3cffced95d218c2180899670cc43946f53268c4a6a9e84aaa09bf17d3f2df	2	3.75	jem->aatif:1.25;tim->marcus:2.50
2026-06-15 10:29:50	0xa692fa33f79861b0fa4611ccbfff1c8133ae32f464c71522f40892f844b8ecc5	1	69.00	MINT/BURN->sasha:69.00
2026-06-15 13:21:32	0x434a40efc650eb22d94c4feee534da5e37f3adc447766c44328894259d8154da	3	1.00	musa->aatif:0.33;musa->marcus:0.33;musa->sasha:0.33
2026-06-15 15:07:44	0x722fe093ea1392a9590ea68b51666ee39ea4de28b1ecfe8dcc7f10fec9ee1eba	3	3.75	aatif->musa:1.25;aatif->marcus:1.25;aatif->jem:1.25
2026-06-16 09:28:46	0xac0b881dc600df3661733d5d97b9de53582548740b920801d1e54036e48940c9	1	3.00	aatif->jem:3.00
2026-06-16 15:01:38	0x8832992ee6a4cae65a280133957371182c8d939f2bf7a9d01a09a66f7d815732	2	2.00	aatif->musa:1.00;aatif->adam:1.00
2026-06-16 15:28:29	0x4bd812085ea0398feae04d196ad6bb0c92a8b7d979895e30eebec7ccb4cb14e4	2	3.50	jem->aatif:2.50;jem->musa:1.00
2026-06-17 12:59:14	0xa72f9c01647aa5383e988680c48bb0757e91da6ddb381d070824210002eec3d4	5	3.20	tim->aatif:0.80;megan->aatif:0.80;sasha->aatif:0.40;musa->aatif:0.80;sasha->adam:0.40
2026-06-18 10:08:40	0x7772e9fe9cedf9660d445ed3452b8907120edf3597e22d552d071892a1b9891d	2	5.00	sasha->marcus:2.50;sasha->aatif:2.50
2026-06-18 11:41:00	0xfe4bb76e66dfac1cbebe233b55c85d9f52b3920fb640b925ea773b61765d613b	1	2.00	aatif->musa:2.00
2026-06-18 13:05:23	0xcc7445b0ebebff87e01d85a9a3d0673473176c3ba5045deeb9583e82e31fee50	1	2.67	aatif->jem:2.67
2026-06-18 15:21:13	0x8e8eb6ca377f8b1800ad788740666193d2f42a9aece7b3a26587fac1d496463a	4	2.75	marcus->tim:0.25;musa->jem:1.75;adam->tim:0.50;marcus->jem:0.25
2026-06-19 12:19:21	0x60b05e1b3e27bd8d14a4ba58461d4dbac0c3fccc84c37771b7565b667003dd2c	2	1.00	megan->aatif:0.50;sasha->aatif:0.50
2026-06-19 15:46:46	0x224dba53bcc2001526482bb50101e9ef97de27e6f63846170f7b7ffa10cd15c5	2	2.00	jem->aatif:1.00;megan->aatif:1.00
2026-06-22 10:33:24	0xa2f6adbae266521a2b9dc0fc98567791898d900ab3484065277d448e20b27071	2	3.50	alex->aatif:2.50;alex->sasha:1.00
2026-06-22 12:07:32	0xf50057246692aee11dc35f653f6ebc044ee2f4acdf14ab20f5c36476e50c0496	6	1.67	adam->martyn:0.17;adam->tim:0.33;jem->alex:0.33;jem->musa:0.33;jem->martyn:0.17;adam->sasha:0.33
2026-06-22 14:08:29	0xd8fcedfe7633529fa868e13dcde6366b3cff7def724e143cfacf6047c322a043	5	5.20	musa->jem:2.00;musa->sasha:0.80;musa->alex:0.80;musa->martyn:0.80;musa->aatif:0.80
2026-06-23 08:51:19	0x09938f04387592dba6be23ad29bc6d9caee22a358e4dd0879384d6764daf35d5	3	4.67	tim->megan:2.00;tim->martyn:2.00;tim->alex:0.67
2026-06-23 13:26:43	0xe427cd5528b6ee8bf611cfdb3697fcd1acef16423fdf62392222cd75958ede82	5	3.20	musa->martyn:0.40;musa->tim:0.40;musa->alex:0.40;musa->adam:1.60;musa->megan:0.40
2026-06-23 16:04:04	0xa13543107ff16d406508395e95c1cfd5a16d6cfbe8ef9ca2a2e3930c09de2e35	2	1.00	musa->sasha:0.50;alex->sasha:0.50
2026-06-24 14:19:32	0x8f234b74068fa099b88e71357f73f4e27b267f5b5ea33889fd36430daf1ee483	2	4.00	jem->musa:2.00;jem->megan:2.00
2026-06-25 09:45:05	0x074293c5d0926d3c23d407166cd6326902830f01799107ae03a5afabac1a44f5	5	2.00	alex->adam:0.20;jem->adam:0.40;jem->tim:1.00;sasha->adam:0.20;musa->adam:0.20
2026-06-25 11:22:39	0x250d83043f88f3ddd393229e5715e825b8e417207fc7bf3c454f2b00a651e3bb	2	6.00	martyn->musa:3.00;martyn->alex:3.00
2026-06-25 12:29:14	0xca969d020c87f910cdbe853c79d794b720a608a44dc666f13c12a46480be7815	1	1.25	martyn->adam:1.25
2026-06-25 13:46:15	0xca28efe6c2e976597e15e92e550cf5ff9138ecb7e8153e4d78789c0009c10b89	2	1.00	musa->alex:0.50;martyn->alex:0.50
2026-06-25 14:48:11	0xffc21d47cf71716122e16647b059e5b2570d39b724d7c3ffb8784c5102465a99	5	3.00	alex->jem:0.00;alex->adam:0.60;megan->adam:0.00;sasha->jem:1.80;megan->martyn:0.60
2026-06-25 16:38:09	0xfa4e3ac0f134c224287176b6ba44cb1eec4d7fd6f3aceae0561319f883581cc4	1	4.00	musa->alex:4.00
2026-06-26 09:06:36	0x769691836dc6a00caa5bcdbf065d7f377246d1514d4b8939021d613086077d87	5	1.00	alex->sasha:0.20;alex->adam:0.20;alex->megan:0.20;alex->musa:0.20;alex->martyn:0.20
2026-06-26 10:28:06	0x351450499b2244edab846e91835bb91994f33033acf6d44bc0b19d6210185f34	5	4.80	adam->megan:1.20;tim->martyn:1.20;tim->megan:0.00;adam->musa:2.40;alex->martyn:0.00
2026-06-26 13:33:43	0xa5fa63584560c6bcd0e504ef3938ca967b93b3e1b95b5ff71756bad7a4dceea8	1	1.00	sasha->tim:1.00
2026-06-29 08:57:22	0x9cd99bc21aef1639ca0672654cc2b6a14a711827ca612aba5faea308a52cf23f	6	5.71	sasha->tim:1.14;sasha->musa:1.14;sasha->alex:1.14;martyn->stephen:0.00;sasha->megan:1.14;sasha->marcus:1.14
2026-06-29 13:07:10	0x293b112f4fb7703947d32ae8c5f9b2e2fe9f4d079f1ff687f581327359afcd67	2	1.00	stephen->martyn:0.50;megan->martyn:0.50
2026-06-29 14:46:42	0xc3ec311ee4cc760c1b43866cff00d23f419d31a3fc3230d918c3626b36bd6d97	1	4.00	stephen->megan:4.00
2026-06-30 09:04:33	0xe8d23fba90ffa50fb50cbc4f72213e657e2f52bc233c302f861c850b83ff1905	2	0.00	martyn->marcus:0.00;martyn->musa:0.00
2026-06-30 12:21:06	0xb4b0966fec15d5fe72f83623a4a7a3de7073d3f1509c6870780e93499c75b3b2	4	2.25	megan->marcus:0.25;sasha->marcus:0.75;martyn->marcus:0.75;megan->stephen:0.50
2026-06-30 14:00:35	0xff410dc3c04a520db34e1a24be61c8bbac90a44ada2836e2b61d87bce9dc6ec6	4	2.75	megan->adam:0.25;martyn->stephen:1.75;megan->stephen:0.25;musa->adam:0.50
2026-06-30 15:30:45	0x50279e53fead5a4493e9bd2cfa17eb9bf03facf3cc181975356f432d04b58995	1	1.50	stephen->sasha:1.50
2026-06-30 16:57:05	0x578f23c468c7592c6137fffed05a246bd3052b9b23405be951f11b08ce20ced6	1	1.50	musa->stephen:1.50
2026-07-01 09:43:10	0xd962b55f04db8e081d330228db96670f7c2b7c97e9722a2e9e9001bee66dd861	2	4.00	stephen->jem:2.00;stephen->adam:2.00
2026-07-01 12:13:15	0x4d621539806335dd1216f4a8c5f2ff3f85796b62490921a6ec2acdbc65d051de	3	1.33	marcus->stephen:0.00;adam->stephen:0.67;marcus->megan:0.67
2026-07-01 12:56:03	0xcf872905f16e4a74b08888271e2092330a525197c6dbb4d2f2f5beaa2789bddb	1	3.00	martyn->sasha:3.00
2026-07-02 09:05:49	0x542c8fc1d507bd78169aed56462b5039a024764a650082be7ccde983eaebe71d	6	2.00	martyn->adam:0.17;alex->adam:0.17;stephen->adam:0.33;aatif->adam:0.17;stephen->musa:1.00;tim->adam:0.17
2026-07-02 12:45:41	0x04793c88457542de78a5a8dcfc92f23e861bb38d98532e2dd9a13226551f2250	1	6.00	megan->stephen:6.00
2026-07-02 13:28:09	0x60641e4f21e1f52f89aaa2e835851f90874bf2cb7e9ed89e58d70201c4641282	6	4.67	alex->aatif:0.00;megan->aatif:1.17;stephen->adam:1.17;megan->jem:0.00;musa->jem:1.17;alex->adam:1.17
2026-07-02 14:36:26	0xe0887bfd5eebca5de3fe0258bfb3ed6057847adbf8713d77fe6609c592d97606	4	2.25	musa->aatif:0.25;musa->alex:1.50;musa->sasha:0.25;musa->martyn:0.25
2026-07-03 08:39:44	0xee241263dab1d23601506f63efe4c23432b61532250c6601a5e59da4a27efd9e	1	4.00	marcus->alex:4.00
2026-07-03 10:32:01	0x24a65464e596017de4f260626ee3b26ccee18f6a6633693b8cb4d23fb6c74f83	3	1.00	marcus->alex:0.33;marcus->aatif:0.33;marcus->musa:0.33
2026-07-03 11:49:41	0xefaf75da730b63bf6220998ad02025206a8ba314c87336c90cd90f2c7e52357e	1	3.00	sasha->martyn:3.00
2026-07-03 13:10:29	0xf6eb994d2d9a48faa740f034c9d4b3b999545a8a23503bd369c58a9badab83af	2	2.50	martyn->marcus:0.50;alex->marcus:2.00
2026-07-03 14:51:55	0xac4d58c64b2fa36e440f2950d07148f631741cb7fba919917766b15e5053b3f7	5	4.20	sasha->martyn:1.40;musa->marcus:0.60;alex->aatif:1.00;musa->aatif:0.40;sasha->marcus:0.80
2026-07-06 09:18:19	0xf52b9771a8573b37a0c7b3399cf76336cfdc776af5b9586a49932ad14a442025	6	12.17	jem->martyn:1.83;jem->tim:3.00;jem->adam:3.00;jem->alex:1.83;jem->aatif:1.83;jem->marcus:0.67
2026-07-06 10:08:33	0xd7a3fedb8a944e5b837882e4c036c2233ae25a035798259578372a32c9e58ffb	1	2.00	alex->marcus:2.00
2026-07-06 11:18:56	0xb7ac781446c36cfdc045776d57807d8cab026c519945cc10028717c93be095cc	6	7.67	musa->marcus:1.67;musa->aatif:1.67;musa->stephen:1.67;musa->martyn:0.50;musa->sasha:1.67;musa->alex:0.50
2026-07-06 12:31:01	0x0f63eb62ac6ef5f1066765928030934e2155486755a7562de89caa9b10d36586	2	2.50	adam->aatif:1.25;adam->stephen:1.25
2026-07-06 13:14:49	0x022d512dc8e1dc5b2a7e6488fa310da6fb8dcf617309abe3a1b4889c10398b11	3	2.33	jem->tim:1.83;aatif->tim:0.33;aatif->stephen:0.17
2026-07-06 14:23:39	0xbb96e8889844f7d721f4fab670f74a3306ed3c9cd3f6bd1888360a50d9a35bf2	5	3.20	jem->sasha:1.40;stephen->aatif:0.60;stephen->sasha:0.80;martyn->aatif:0.20;musa->aatif:0.20
2026-07-06 15:36:31	0x365f8c0bccc942ec766c538134171268298b35a49320d0206d9780d80f4d3224	3	3.67	stephen->jem:1.00;musa->jem:0.17;stephen->aatif:2.50
2026-07-07 14:03:14	0xa4faf2db87fa80f2f00de089ea262919cfce09a61e83467b79778796929d43f9	5	8.00	aatif->megan:1.10;jem->megan:0.30;jem->adam:2.00;stephen->megan:2.30;marcus->adam:2.30
2026-07-07 15:00:26	0xa6da66f07a3d9d1152caa7f6f37040a4fc09b3fe601678bd93854570dfb2a6f3	4	2.00	sasha->adam:0.25;jem->adam:0.50;jem->stephen:1.00;martyn->adam:0.25
2026-07-08 09:26:51	0x161230e95a7fb1fa5b76402aa3d4ae826ad7480457663ef708fd2acbbbef956a	3	1.00	jem->megan:0.33;jem->tim:0.33;jem->alex:0.33
2026-07-08 10:51:42	0xc3778170ccfb878ac1680338bc876db12ac18e79b1176992b41cfb0bdbb3a168	6	4.33	alex->aatif:0.33;musa->aatif:0.33;jem->aatif:0.33;adam->aatif:1.50;stephen->aatif:1.50;megan->aatif:0.33
2026-07-08 12:34:20	0xfe706bfa49139728b7bd138660dab51c704c106c9d9234ead172fc359c9a29ea	1	3.00	adam->stephen:3.00
2026-07-08 14:00:22	0x0642e3b3d0e03cc75ddeaf6b7a6d8f7abb3a260ba3a61586e208c12b9f8cee17	4	1.50	alex->megan:0.50;musa->stephen:0.25;musa->tim:0.50;alex->stephen:0.25
2026-07-09 09:04:59	0x7fde183007f3f11a68fc0e7c2792264c613c3ebaef6705f2b5ad6720cce1d8b0	6	2.50	stephen->megan:0.17;stephen->marcus:0.17;sasha->martyn:0.83;alex->megan:0.33;sasha->marcus:0.67;musa->megan:0.33
2026-07-09 10:49:19	0x6b15b0af1264facbc641c4c3de67cca371b7ebda0dde8422ff3bf139deb3bcf5	5	6.10	aatif->jem:0.50;aatif->stephen:0.50;aatif->martyn:0.50;aatif->adam:2.90;aatif->musa:1.70
2026-07-09 12:08:06	0xd140f9293345f1f7c69d3290d9cb8bdeda74b45de39a0f64b26079456a235ff9	3	2.33	stephen->alex:0.33;stephen->aatif:1.50;megan->alex:0.50
2026-07-09 13:05:35	0x51cd628d22e6b6f9b46b28ef4c09d0876809f47f42ca2632edd71762cb1f9782	5	9.00	aatif->stephen:1.80;aatif->marcus:0.60;aatif->jem:1.80;aatif->martyn:1.80;aatif->megan:3.00
2026-07-09 13:59:24	0x5db666a35afdd0bb9ce06efae6f8a69b6ee18aa03f28eb42bbf92500590a08c7	4	2.75	aatif->adam:1.75;stephen->adam:0.25;stephen->musa:0.25;martyn->musa:0.50
2026-07-09 14:38:24	0x932156597378c19b5655ccb2fdce87d815aac7fdc5c0bac6796afd730e7e9115	3	3.67	stephen->aatif:0.17;stephen->martyn:1.00;sasha->martyn:2.50
2026-07-10 09:16:11	0x056e4839863d88876b936d6be997a0f0bc2b3802ec4e94f45b5d55ab3606c1e5	1	0.50	marcus->alex:0.50
2026-07-10 09:52:45	0x64da036f2eaa527f98633bace6ed8a43203946ca6cc6d51990a4102b0e5495d9	2	4.00	alex->aatif:2.00;alex->martyn:2.00
2026-07-10 13:37:42	0xbefed006692e416330c5637cabe10cbd048e732b97729bc836635eeba49f41c0	4	4.25	adam->alex:0.50;aatif->alex:0.50;aatif->martyn:1.00;adam->marcus:2.25
2026-07-10 14:09:32	0x12efcd20b61322e4241076c6c1c9fd0aa7e7fd598886253fd8cc276fb4244a91	1	6.50	jem->sasha:6.50
2026-07-10 15:00:48	0x0953eab12c8f99554c257465450813252f6a6df7a6c00eabfe892c4ea01eabaf	2	4.50	jem->martyn:3.00;jem->alex:1.50
2026-07-13 08:22:53	0x5e44663c8b086c3d49d7e864572876bc0ccbcd79cbbe212053b2ec443efd7cec	1	1.50	alex->marcus:1.50
2026-07-13 09:27:06	0x911c04b3606688e66ebfa893ac7ee66baa8b7444f1c98186f991a07080865558	5	12.30	musa->alex:0.70;martyn->alex:1.90;stephen->alex:0.30;stephen->adam:5.30;stephen->marcus:4.10
2026-07-13 11:18:41	0xfebf8877cc09cfad78869710c91c2f00ab6d3e7bb635f5cef01ec4108dac2821	1	2.50	alex->martyn:2.50
2026-07-13 12:56:39	0xb05aa67b427a514eb710930e6afc76a42b3ec17b8ec692200403b09756a4fd7f	2	2.50	martyn->aatif:2.00;martyn->musa:0.50
2026-07-13 12:58:20	0x257e0134b45b85c2994cb3097e989ce318e504f3db881fb37028de60ec87e2c1	2	3.50	aatif->martyn:1.00;marcus->martyn:2.50
2026-07-13 13:01:02	0xd10a5ca709394800f899e21bfb1ae8b799fca1438fbf064589c15802dda02a0c	3	3.75	aatif->martyn:1.25;aatif->marcus:1.25;musa->adam:1.25
2026-07-13 14:38:13	0x57bd6f20d545535833a681cc638834af456a7f1b6eb46c830c0e657bbecde4e7	3	5.00	adam->aatif:2.50;stephen->musa:0.17;adam->musa:2.33
2026-07-13 15:58:30	0x03a91afad823c0894d8b4df794618072e137bbbf0d84735968fe33a75694c979	3	7.67	martyn->alex:3.00;martyn->aatif:3.00;martyn->musa:1.67
2026-07-14 09:52:28	0x5fb4a81033a3ec14760eb6b5b6ca01d505927db547c5572e2f4d373dd958a505	5	10.40	marcus->alex:5.20;marcus->tim:1.60;marcus->musa:1.60;marcus->jem:0.40;marcus->megan:1.60
2026-07-14 13:30:35	0xb87bba29e49cf0872787c9261cad859c522998128cab20572bb0181474ba4d52	1	1.00	aatif->marcus:1.00
2026-07-14 14:34:35	0x03485c7bd3701a6514d0b012a01284ae8376f218898c35e2e85aca952f2b5fa5	5	3.00	sasha->martyn:0.20;sasha->musa:0.20;sasha->aatif:0.60;jem->aatif:1.00;megan->aatif:1.00
2026-07-15 09:03:59	0xea1e6044b433531a87d710086a22b6117ca45e64ea15f8300945654bfd7e3c0b	2	2.50	musa->alex:0.50;musa->aatif:2.00
2026-07-15 10:32:46	0x64f86392ed946e0408ba4a0ce554f7d7c5e7020816ea2d1891fd19e9ea8c0927	5	8.00	alex->stephen:1.60;alex->megan:0.40;alex->martyn:2.80;alex->sasha:1.60;alex->aatif:1.60
2026-07-15 15:37:43	0xa8d093b700a3779c16ead9c5024131d0b8dc3678354f4402b948c119bea99bf2	2	4.50	martyn->musa:1.50;martyn->aatif:3.00
2026-07-16 10:42:30	0xa5041c37ab46929160b774e0df4f9c5036dfaaaacacc6e2a88d397eb2f30fde8	1	1.33	adam->alex:1.33
2026-07-16 13:17:56	0x97ca32dfea679b41d043a0dcfb2d73f09247a2f4446658df2a4d91153343667e	5	3.00	musa->aatif:0.60;musa->adam:0.60;musa->martyn:0.60;musa->alex:0.60;musa->megan:0.60
2026-07-16 15:39:08	0x5640b2ec438ac1211ebb10a15a10f7dece3c454b18d57ebed6602a845146fc8d	5	5.00	sasha->megan:1.00;sasha->alex:1.00;sasha->aatif:1.00;sasha->jem:1.00;sasha->martyn:1.00
2026-07-17 08:25:28	0xde7ae5764d08871aa41c101d601a69f5f8ac06b5ebac66f2274d0ec0708edd75	1	3.00	alex->adam:3.00
2026-07-17 09:37:41	0x3b2db25867a9c08a622deec357de1abae0981e191703e1dda802a68c40b3930b	1	1.50	megan->stephen:1.50
2026-07-20 09:35:19	0x228d9bc1422fd1201ad42fed71a653e77a38f9b5fae5db8b4759e9b7da7518ad	4	3.50	martyn->aatif:0.75;adam->stephen:1.75;megan->aatif:0.75;adam->aatif:0.25
2026-07-20 10:45:07	0xd803f4a4ed18f1261488336460e307f8ae775be9104152889eb2e6f59166a115	3	6.83	martyn->stephen:1.83;martyn->alex:1.83;martyn->aatif:3.17
2026-07-20 13:00:21	0xd8097c40b76be35be48fe2c188dd26831f88ce6cd0ba10ae4fafb5afd1998226	1	1.25	adam->stephen:1.25
2026-07-20 14:20:16	0x012961d2905fe2c80ee62b0c4ede67913146dbc584b07dc0d9865f5ca67e5f9a	4	5.00	alex->martyn:1.25;alex->aatif:1.25;alex->stephen:1.25;alex->sasha:1.25
2026-07-21 09:29:11	0x776186810ae1aa1dec89c2b84ae448466333982d14d32253b50bd775313cfdac	4	5.75	alex->martyn:0.50;alex->megan:1.75;alex->stephen:1.75;alex->adam:1.75
2026-07-21 10:21:02	0x5972db76c67769be576deaf33d6e19c664b2156ffaac83f22cdf6f422d0f8527	3	8.67	martyn->stephen:2.00;martyn->alex:3.33;martyn->sasha:3.33
2026-07-21 12:16:51	0x731b639d19f506c2d54e69256a3177823d191e57b60469c713cf049f2dff5bd7	4	4.25	megan->martyn:0.75;megan->alex:2.00;megan->stephen:0.75;megan->adam:0.75
2026-07-21 13:58:52	0xaf55cfde834f9a021f2a44f363c5cd93425de69c2c8ddd2689c1fb94e96836a0	4	4.75	adam->stephen:0.25;adam->alex:2.75;adam->martyn:0.25;adam->megan:1.50
2026-07-21 15:04:44	0x97626d684482764e469df34b83dbb86f2ae5e1f562f2f9cbbddd85d00137205e	2	1.00	sasha->stephen:0.50;sasha->alex:0.50
2026-07-22 09:01:55	0xb3ec48887ca508ddc0a2d38f94add2e9105cb1175e20a6d17345be3af2e69c96	1	1.50	musa->martyn:1.50
2026-07-22 10:24:46	0x80b37d7e5bc52adf46eab6e4f0943e02f57e39ba8a08a23ce2ad47fd4b88d05a	2	4.00	adam->stephen:2.00;adam->megan:2.00
2026-07-22 12:37:07	0x03f6a119b1945f24a4edba177d00c5e9f24911446381fd47652b21373b54c76f	2	1.00	martyn->musa:0.50;martyn->megan:0.50
2026-07-22 12:54:20	0xc082ee16591ce9a5c7add61cb60b18e416e00bd947a5540be07a420115aabe55	2	3.00	adam->tim:1.50;adam->stephen:1.50
2026-07-22 15:28:28	0x0876564409c04d5102ce8d8548f5d22cb04e836c1abe04fbe962982d5bd04195	1	1.50	stephen->musa:1.50
2026-07-23 10:45:42	0xa703161948f2ff31fb28cbb0288c95177e314103a39f6489fb0412ab40f17398	4	5.50	adam->musa:0.75;adam->megan:2.25;adam->aatif:2.25;stephen->musa:0.25
2026-07-23 15:22:00	0x99f3950fe7972f6d891e0d747598c139b1d12d8de70b35415f891e3875ca1050	2	2.50	megan->aatif:1.25;megan->musa:1.25
2026-07-24 13:45:58	0x85fcc6b11040924a256a71e1ddbddffe0592b1705bc882e0be538824bf9869b5	4	6.50	aatif->musa:1.00;aatif->tim:2.25;aatif->alex:1.00;aatif->jem:2.25
2026-07-24 13:46:35	0xe6768d0cde1cdcf618f15cdc9110109065f347c0a1f68625e479dbef903198f5	4	4.00	aatif->jem:1.00;aatif->tim:1.00;aatif->musa:1.00;aatif->alex:1.00
2026-07-24 13:54:08	0x5c9d31a222fbd18d58de6ca13ea0b3c75688e067c1f2c9792458e15382b58869	1	1.00	musa->aatif:1.00
2026-07-24 13:54:34	0x6abca0bb52fe19f0ead591560c4aee0610b94d31f064f6e6771bbbf830cd3c2d	1	1.00	jem->aatif:1.00
2026-07-24 13:54:57	0x3aad527b0c83268206d8628fc5cd802723cfdd22b541330017962c3201521489	1	1.00	alex->aatif:1.00
2026-07-24 13:55:09	0x7e17875faf2da6562d6c05b8ca655966e827428969a2d90688c1b6d261ba73f9	1	1.00	tim->aatif:1.00
2026-07-24 15:04:56	0x7be60e5a5b22d9638be545d7a89757d5d8e90829a51d4a1e1e3ca14e50a13bb2	3	3.00	jem->alex:1.00;jem->aatif:1.00;jem->martyn:1.00
2026-07-27 09:45:40	0x10f0ab813c65e477da048ceeddeb46545220e0af8b643646cf5b78b08a5d1d67	6	11.50	aatif->adam:3.00;aatif->jem:3.00;stephen->alex:0.50;aatif->martyn:3.00;aatif->tim:1.83;aatif->alex:0.17
2026-07-27 11:25:16	0xa37c4a9853f122a70107f3cbd9829b5ec6dd8e4c92db513871a1e083117bbda8	1	0.50	martyn->sasha:0.50
2026-07-27 11:30:27	0x9493085c351daf90ed72804955d566a235cb8328eef9921d37647f955ebfdb5c	1	1.00	sasha->martyn:1.00
2026-07-27 13:03:32	0x67e4d9a6438cb5213fa305465997e93e919247f0641ec8bafae2d43e93368f2b	3	0.50	adam->martyn:0.17;adam->aatif:0.17;adam->jem:0.17
2026-07-28 08:00:32	0xc9b0e6bda7541186a04d6252e210176398da8d847886269e5597793cf9727d15	2	3.00	aatif->alex:1.50;aatif->adam:1.50
2026-07-28 08:56:17	0xabe7c628df9b84d5d49f5012bbc8b4a9952cce54d7a04224796d0980d9ff5d41	3	6.50	adam->stephen:2.17;adam->marcus:2.17;adam->alex:2.17
2026-07-28 10:36:03	0x0302807e4e728c6b9cc83e2d42d09c4fcfba0289c68897d6f523ff1cf7a57e3d	3	5.33	musa->megan:2.67;musa->marcus:1.33;musa->alex:1.33
2026-07-28 12:05:26	0x1ff3afaf0ad20463b26bb50cb29df9313bcbb0e659a4208c4581d637f793b205	2	1.00	aatif->jem:0.50;musa->jem:0.50
2026-07-28 12:31:08	0x6291063c045d22e686206c7d49de0b44fa312e133c20579cd2244fc1d29271b3	3	6.50	megan->jem:2.17;megan->stephen:2.17;megan->aatif:2.17
2026-07-28 12:59:03	0x0a04f2c935f7586a5f10294c4d12075295abff1bb8a67b37587f196e5d4209ca	1	4.50	megan->sasha:4.50
2026-07-28 14:35:39	0xc903a4d7afcf06b635a0610d8ccfb6dad9e17c089463fde7f5be92de77961eb1	5	2.10	jem->aatif:0.30;jem->megan:0.60;tim->stephen:0.30;jem->stephen:0.00;musa->megan:0.90
2026-07-28 15:30:02	0x453685f730fa9442c751847cb2f94fb1e31bb70fd1169ebcf47cd25d82ef9f83	2	4.00	musa->megan:2.00;musa->stephen:2.00
2026-07-29 09:28:52	0xb8a34887bb42053910cfe6f9cff7ef7bfcd264d508e9ed2c1620e402f241e39f	6	14.83	stephen->megan:2.67;stephen->alex:2.67;stephen->martyn:2.67;stephen->musa:2.67;stephen->aatif:2.67;stephen->adam:1.50
2026-07-29 10:29:32	0xe38eaa91671cb09e0f7b4677497a4657516ca32d5bc5fa8be63a0f62085bda0f	4	11.25	jem->stephen:3.75;jem->martyn:2.50;jem->adam:1.25;jem->megan:3.75
2026-07-29 10:31:25	0x95d1865dae704477403f643aedcff6f8351db98135f4f9d0c384e5c25e24fb3b	1	0.50	aatif->sasha:0.50
2026-07-29 12:21:36	0x4bb62f3ec7e5e2ef90e1863a5eb6e53ef599b984cd8bbb9ad58f86b52a3c8dd4	1	1.50	martyn->stephen:1.50
2026-07-29 14:56:53	0x2a6eab272b3f35dc2c41cbe98fc82481e6ee1a354445cab7e914b151edc77742	4	6.50	marcus->aatif:2.25;marcus->musa:2.25;marcus->adam:1.00;marcus->stephen:1.00
2026-07-29 15:32:09	0x1c955097ab04b3d410090ac092294519f83dc7308f40348c70af00428f3d3c80	2	3.50	jem->alex:2.50;jem->sasha:1.00
2026-07-30 08:19:40	0x89e56df6deb82e3fbffad664a71bf50c0a2b108feace57035f2515d4e262df0c	2	4.50	alex->aatif:3.00;alex->stephen:1.50
2026-07-30 08:50:55	0x29c551fd9299cbffc401c71fd05dde988436a855fccabf0a949baf60aa98a58b	5	5.70	marcus->jem:0.90;marcus->megan:2.10;marcus->martyn:0.90;marcus->stephen:0.90;marcus->alex:0.90
2026-07-30 10:00:42	0xcc019087f2a20a28bd518ef134559b5485223000d66aa4bd1e20daa336a99e84	3	1.83	stephen->sasha:0.83;stephen->alex:0.17;stephen->jem:0.83
2026-07-30 11:09:58	0x8ebafc1389bb22c961473daf1918e70a1b326c88b5e5420ab19506f5cbe39a9c	3	3.17	musa->megan:1.50;musa->marcus:0.17;musa->stephen:1.50
2026-07-30 12:50:16	0x2616d13c02896656df9b9ff42f75a806f2d5d7fa7ab5b596592baafa68101e19	2	6.00	stephen->martyn:3.00;jem->martyn:3.00
2026-07-30 13:30:17	0x4da0e1885a69d56d7017c6ec8bd36b5235a71856fd0244cbee8e4d1e94cde7ed	4	5.00	musa->stephen:1.25;musa->sasha:1.25;musa->megan:1.25;musa->aatif:1.25
2026-07-30 14:23:44	0x2a1807c9fc091cbfe6f83cdd5095476002b00b4fbc189000b3fbcd2ac4a8edde	3	3.60	jem->musa:1.20;aatif->megan:1.20;jem->stephen:1.20
2026-07-31 09:17:58	0x25bc88ae6bd3c235f4b0f8ae8d8114d8ed40487e89b9361a351492866fe973fb	2	1.00	aatif->marcus:0.50;martyn->marcus:0.50
2026-07-31 11:13:44	0x5095acc456bc2bce02fa5353c11d5b4b7581b84e5774a79a643923c6fa01cf65	5	1.20	martyn->jem:0.30;aatif->stephen:0.30;martyn->stephen:0.00;martyn->musa:0.30;martyn->sasha:0.30
2026-07-31 12:05:57	0x5ce8568a0a6e47ead4e6e15e9c6547cae14eab32b9b86f74af7809b254612fc2	4	10.00	martyn->marcus:2.50;stephen->marcus:2.50;martyn->aatif:1.25;musa->aatif:3.75
2026-08-03 08:57:37	0x8224d7a33d0cf9eacdd9fb6de038861a2b44f879f90563d3bad8648eabc0d7ff	2	3.50	adam->aatif:2.50;martyn->aatif:1.00
2026-08-03 09:51:18	0x8bfc4f57e84b8437fdfb8db6ed6b3acd2f430e4c7c02cfc0d70a61586c68365d	3	0.50	megan->martyn:0.17;megan->marcus:0.17;megan->stephen:0.17
2026-08-03 12:07:44	0xa8443f07bbaec3af9a569c067b2b7fb4397a7234c1046126f15f38daeffbd357	4	3.25	adam->sasha:0.50;aatif->sasha:0.50;marcus->sasha:0.50;musa->sasha:1.75
2026-08-03 12:38:05	0xcf56abf8dbfd3172c514c9061f9b103a920e902207b93d3d778a3dbc436cfe46	1	2.50	stephen->jem:2.50
2026-08-03 13:55:57	0xfe6d3aaaa829c620c937b31764b3444a0ee6b03d4f7090b16f982261b794572d	3	5.83	aatif->sasha:1.50;stephen->sasha:1.50;jem->sasha:2.83
2026-08-03 15:12:59	0x5f14a5ae861ddb46263e7bf964f8931b9c53a964d37ca376f72f60ea3cfc7e05	4	1.00	marcus->adam:0.25;marcus->martyn:0.25;marcus->musa:0.25;marcus->stephen:0.25
2026-08-03 16:03:13	0x33c84e2a2082f1cc8322b0be567306b135748c069b1134efc3f45792390546f3	3	1.67	stephen->megan:0.50;stephen->aatif:0.33;jem->aatif:0.83
2026-08-04 09:49:10	0x0560def2f2311064006faa1a76b7d26fd19789bf2203f92779cc7049c6ac500d	5	2.00	stephen->aatif:0.30;stephen->sasha:0.50;martyn->megan:0.50;martyn->aatif:0.20;stephen->musa:0.50
2026-08-04 12:51:26	0xf4693936763214926ffea0e35da99c23ed207215d09be1b14cc779dd5502ed87	4	5.50	sasha->martyn:0.75;tim->martyn:0.75;marcus->martyn:3.25;aatif->martyn:0.75
2026-08-04 14:05:05	0x2e10cafee91e89ee7077272a26541087225adc09014f1a1e52eae6050db8fb0c	2	2.00	jem->musa:1.00;jem->stephen:1.00
2026-08-04 15:01:06	0xa15f49592a2ab395dda5215c44eccc13dd4609c1322f4b1b6df8f74e8b9f29f7	6	5.50	martyn->stephen:0.50;jem->megan:0.33;jem->stephen:0.17;aatif->musa:4.00;sasha->musa:0.17;sasha->megan:0.33
2026-08-05 10:28:49	0xdfab73ee8e3c203760e5babb4e4d2f7d739760392105af2f31327c38248b4ea7	6	13.50	adam->musa:0.67;jem->stephen:6.83;jem->aatif:3.83;martyn->musa:1.33;megan->musa:0.17;adam->aatif:0.67
2026-08-05 13:39:55	0x2005f7a602a176d41eccc36377229f39a5f48526c155b1e3eb7cedf178dd82aa	2	3.00	musa->sasha:1.50;megan->sasha:1.50
2026-08-06 12:00:16	0xb3af2a070386b9ff4353109a4e9570af4e23d5ab97706e20518da2c7939553fd	1	1.00	martyn->sasha:1.00
2026-08-07 09:28:38	0xd644bdcdddbee6f32c2b6e65fcf3ffa229ac8f1dc9ec9705fa4cf98312955c60	2	2.50	tim->jem:2.00;tim->martyn:0.50
2026-08-07 13:02:03	0x1d4605b84be581aa3c127ef5955ab4ce99cea287f21fd5e5de81616d36f26852	2	3.00	musa->aatif:1.50;musa->martyn:1.50
2026-08-07 13:55:29	0x2af68518561cdd9fda70882e813bff46d1be203bec3f30308f1a37e96397178e	3	2.00	martyn->jem:1.00;aatif->jem:0.67;aatif->sasha:0.33
2026-08-10 10:36:08	0x6b5be25711e103b1b98e0db0bd9f9fff139536a1586a0388fe89b37cd91fb4d6	1	1.50	stephen->adam:1.50
2026-08-10 10:37:00	0xf2c007f45ef531ef4004424ff53047c1ca8f28d905b94af79b4a467c173d9024	1	0.50	alex->sasha:0.50
2026-08-10 12:03:04	0x3e10479352fe7f3eff0a679bcf38ae26556cecadd7e636ed4feee72984c274ac	2	5.50	stephen->megan:3.50;stephen->adam:2.00
2026-08-10 12:45:01	0x8239e6df5ebdd20a57947fcddcc07834e72d174574b28f6e998e64a87af8998a	4	5.25	marcus->jem:0.25;alex->jem:0.25;alex->megan:0.50;marcus->aatif:4.25
2026-08-10 15:05:02	0x483f09a1e342adbd46f35ebdad5e1fba52165a9b6e8f9a1c783f75975a1a6aa0	4	7.50	stephen->aatif:2.50;stephen->alex:2.50;stephen->sasha:1.25;stephen->megan:1.25
2026-08-11 09:05:15	0x53f5e8e70df4cc800becb73129a03009a76e7d057f12864807efc66a173f653b	2	56.50	aatif->alex:24.50;aatif->martyn:32.00
2026-08-11 10:51:39	0x03d8b2d9da0a1a524c7a7ec58edf9169225d4277ff655671253203760d5c7e51	6	11.67	aatif->marcus:2.33;aatif->sasha:2.33;aatif->adam:1.17;aatif->jem:3.50;aatif->martyn:1.17;aatif->alex:1.17
2026-08-11 13:02:37	0x8e683a0edc9746f96ade00a01c72dc858d1854eab0ec7a0eb0d7e4193fb87d73	3	3.83	aatif->jem:2.17;aatif->stephen:0.83;aatif->martyn:0.83
2026-08-11 13:49:19	0x04252f010346663ac76a1d9d2c72cadc619eea351ac7341e6e13f9bec7ccd298	7	11.00	sasha->marcus:1.00;sasha->jem:1.07;martyn->marcus:0.07;sasha->stephen:2.21;sasha->alex:3.36;sasha->tim:1.07;sasha->adam:2.21
2026-08-12 10:04:46	0x006ac617103d7366f34e5df3ba8fac2c37ad546a37a79f608e3e07d767fd0825	4	10.75	jem->martyn:4.25;jem->alex:3.00;jem->stephen:3.00;jem->marcus:0.50
2026-08-12 13:55:40	0x1323adf8d30c33c246385f5dca7a366fb31b280e15062b12238445534dd0292c	7	8.71	aatif->jem:0.36;aatif->marcus:3.93;aatif->adam:2.79;aatif->alex:0.50;aatif->megan:0.50;stephen->jem:0.14;stephen->martyn:0.50
2026-08-12 13:57:43	0x0a9f59018f3c4bffaac714769823065c1f7ad5a9c11c4dd4e2c0ad482a184766	2	5.50	tim->martyn:2.00;tim->sasha:3.50
2026-08-12 14:11:30	0x13ce32b4feaf3f89e41cf8896b8fe69be112bdb274e9289ca6a2c3f82fd1b0e2	1	35.00	musa->martyn:35.00
2026-08-12 16:14:39	0xc5beb221529540a8f18ede3461647907a24cf08535c68540ee4fbb08a9bac36f	2	3.50	alex->martyn:1.00;alex->jem:2.50
2026-08-12 16:30:21	0x4c6fd3b6286bd6a50ccef52425c977b05f3e9ef2f779a8e960a6dd53e40a770a	1	35.00	martyn->musa:35.00
2026-08-13 08:54:46	0x4130b2b95202abb0a0bd41aed8decb93dd194d2393f30fe3da984e24e5b7a022	1	6.50	alex->marcus:6.50
2026-08-13 11:34:29	0xc5b093f1dd106c63e6115c3617b8441e23e7c04508545fcb751f153f19bd8b74	4	5.50	musa->megan:0.75;musa->martyn:0.75;musa->jem:0.75;musa->aatif:3.25
2026-08-13 12:12:48	0x91a2cb2331bf76e8c1a9cbcc9ccfe3b9630b6fa90bd0f3e040b1ed0d184ca0fd	1	1.00	martyn->0xc74700e9:1.00
2026-08-13 12:16:40	0x50bd452176e5724962dd109d4cc9828de44237c233fa4f6aac20e0b68ce028ca	1	131.65	martyn->0xc74700e9:131.65
2026-08-13 13:07:36	0xe23ae3d308213ed61733b507548a5bab1a7f89e57988b0710eb22a4d717db8db	5	7.20	sasha->alex:1.50;musa->martyn:1.50;megan->alex:0.30;megan->martyn:1.20;stephen->alex:2.70
2026-08-13 13:19:34	0xe682daf6c47ea42135e176b476268f3b9d9feac215e58c3910deb50005bf5e91	1	2.70	martyn->0xc74700e9:2.70
2026-08-13 14:31:55	0x77a36e308f69ce5a4aabba32fd583f290d16e36f316c0c2e07ff10fd1b863035	4	8.50	stephen->jem:1.50;stephen->musa:2.75;stephen->alex:1.50;stephen->marcus:2.75
2026-08-13 15:02:41	0x4d2564148787abfe09059533b37802d49f46f87fb11e8ddae0a3cb2577fb1d32	1	135.35	0xc74700e9->martyn:135.35
2026-08-14 11:54:32	0x3f7c3b07d33aadee4855eb8472775efd1594209f9ec051b5e7cf237bb8236568	3	5.00	martyn->aatif:2.50;martyn->alex:1.25;martyn->megan:1.25
2026-08-14 13:45:28	0xf051e188d1edb2012966a83e8d661621b7610a79bab4cbf0c8933602f0fcee55	4	2.75	alex->adam:0.25;alex->jem:0.25;sasha->jem:0.50;martyn->adam:1.75
2026-08-17 08:39:46	0xa1d3401b9693e1d4744375b507c10f6d3c692e42be84994d28b6dc73de2426eb	4	7.00	megan->martyn:1.75;megan->musa:1.75;megan->jem:1.75;megan->alex:1.75
2026-08-17 12:51:16	0xdc31998007c68d538add160ca131b702f3c45ac63d85ba703f10808ba1489501	4	7.00	marcus->martyn:0.50;marcus->sasha:3.00;marcus->jem:1.75;marcus->alex:1.75
2026-08-17 13:34:48	0x6af5327b34c7a3ca949185aef7ad9d724cab74fab4b1539cfff8782bad32a61d	3	5.00	sasha->musa:3.00;jem->musa:1.67;alex->musa:0.33
2026-08-17 14:33:10	0xf0e36f3db6281121a86586845f3543a23135c6206ff22daa9e1f1785cadec272	1	4.00	marcus->jem:4.00
2026-08-17 16:34:06	0xce5b1bb3604fb3d410cd4bbbc3491de9a67e9d7b3eeac2647bea6ed408192442	2	2.00	jem->alex:1.00;jem->martyn:1.00
2026-08-18 08:54:16	0xba96cb9fe76ca3c5598885276328fa7d03312a673e41d8d6148bca0d42dfca87	3	5.00	stephen->marcus:3.17;adam->marcus:0.33;adam->alex:1.50
2026-08-18 09:56:27	0xeae552e4400e066bdbd118e9d77cb886c4e65ce16302c6f6cc3fff8f0d80c96b	5	10.30	musa->aatif:3.50;musa->sasha:2.30;musa->stephen:2.30;musa->jem:1.10;musa->alex:1.10
2026-08-18 11:06:10	0x0bf759e84bece755ab8a40c4aef1444511ecf0c7495a42f7d295b3eaf86cca98	4	2.25	adam->aatif:0.75;jem->musa:0.50;adam->tim:0.75;adam->musa:0.25
2026-08-18 12:55:10	0xc62feeeebae0c2b833b5f2b1bd2b30dab19ed80a2358d787d8db5cba64689d8e	3	2.33	musa->stephen:0.33;jem->stephen:1.67;aatif->stephen:0.33
2026-08-18 14:25:22	0x3b2b505e5919ac5efb80fc23a2cf925e513d5a8e0c058c9de59995649bec6d99	5	2.70	alex->adam:1.10;alex->marcus:1.10;jem->stephen:0.10;alex->stephen:0.30;sasha->stephen:0.10
2026-08-19 08:49:36	0x88e39587dacb5d9784265634e7fa802c81168da23c31cf5acf75f877b9fc83fa	1	3.00	marcus->martyn:3.00
2026-08-19 09:41:56	0x48ba5e77e56ce0af2260bb0a5e0c52def3b07a523cd18467e7336f1070c19628	2	3.00	aatif->musa:1.50;aatif->martyn:1.50
2026-08-19 10:30:05	0x768172158b4e80c3dce15084e789647ee560de44b84cb99d54f1b6b6b6a724d5	1	1.00	jem->stephen:1.00
2026-08-19 10:41:37	0x447aac294e55ceae036551d5ff425599dcf34cc0e74ff58b1f1913110e2a8c18	2	4.50	musa->sasha:1.50;martyn->sasha:3.00
2026-08-19 13:11:19	0x01d0e9811063c4404fe895aca8a75b69d646bb06592069b0e2dcf3bed31e4ca3	8	10.88	martyn->tim:0.25;musa->tim:0.38;musa->adam:3.12;musa->jem:0.88;musa->aatif:2.00;musa->megan:0.88;musa->stephen:3.12;marcus->tim:0.25
2026-08-19 14:12:38	0x37bb0c282dde5be818ee792428b6ef2a229f69cdac0fe621aae6f78b9a51e983	1	0.00	martyn->musa:0.00
2026-08-19 14:14:01	0xb73b2aca02a812f6211e07b5b63c2d9ae9c7c30dc545f7c0f17fe366ceaa6aa4	1	1.00	jem->musa:1.00
2026-08-19 14:16:12	0x9442f1514751580e4d258021f20eaf8e877d6043f005b12d5311d7de09915d33	1	1.00	sasha->musa:1.00
2026-08-19 14:20:51	0x1ca51dfb260586176a9734011c507333b36ec776976b5848026e319a8624c028	2	2.67	sasha->jem:2.00;martyn->musa:0.67
2026-08-19 14:20:59	0x521c9a0bd6fe77733750ec7d78ecee917e779c697d13ef76d43e8801ef7661e9	1	0.00	martyn->musa:0.00
2026-08-19 14:21:06	0xefc2ff8d4432142d41bf77a36d1bffb7e8fbaba310ad6b41e237b898a7ea4633	1	1.00	jem->musa:1.00
2026-08-19 14:45:32	0xfea7a4116440c86c9b75a525531217c9454d9efcafdec66aa2724adc8db1b0e2	1	1.00	aatif->musa:1.00
2026-08-19 15:19:46	0x558db7405b0aa13bc075b5c80a64901a892a9eb77c59c298ce44303bf3fe487a	3	8.67	stephen->jem:3.33;stephen->martyn:2.00;stephen->musa:3.33
2026-08-19 15:20:48	0xadcbd2a645388a18c4f91c48bfc60d89243be2a548bf1b972a75a6d89ee60908	2	5.00	marcus->jem:4.00;marcus->sasha:1.00
2026-08-19 15:21:32	0xb0eb37bfc21f814aad71e5353f9fa0a5a21aef5e33c93fee6c2a4a0b1471230b	1	1.00	jem->musa:1.00
2026-08-20 09:29:57	0xef4e8ccdd64d45f8a2e911ffdd9ad6473297b9fc94927c2c1342e1914c613bd5	3	7.33	aatif->musa:2.00;aatif->martyn:2.00;aatif->marcus:3.33
2026-08-20 09:42:42	0x960182630878f09661c29d4946f53a64f262df5d9f85f2d671ec596e291d6887	1	0.50	alex->jem:0.50
2026-08-20 10:54:10	0x608c1ace1c10637819504f3037a350a6ff184e20081030c1b182aef784620d3d	6	2.00	sasha->marcus:0.33;musa->marcus:0.33;stephen->marcus:0.33;alex->marcus:0.33;jem->marcus:0.33;megan->marcus:0.33
2026-08-20 10:56:22	0xef101afb841d4744b21870dd8a135a32a3621eebbcb09bb21e2dd9eee6f3d218	1	3.00	marcus->musa:3.00
2026-08-20 11:53:08	0x1be6365242f8b0875d0b21b0ee8010499ba4754c10eaebc536af7f0508cd2444	5	6.30	aatif->alex:1.50;aatif->jem:1.50;aatif->musa:2.70;aatif->stephen:0.30;aatif->martyn:0.30
2026-08-20 13:00:28	0x3e067e772362668b6866ad7f723f655758de656dfc8d25e32a6c0b099465695d	3	1.50	stephen->megan:0.50;stephen->jem:0.50;stephen->alex:0.50
2026-08-20 14:26:09	0xcb2ce7cdd4255e1587ed386eb720a12af32ea1063ce678c0db009f1993bde92c	6	10.67	alex->sasha:2.17;alex->marcus:2.17;alex->martyn:1.00;alex->jem:1.00;alex->megan:2.17;alex->musa:2.17
2026-08-20 15:36:14	0x530ae79fbdab613a65d22cbc51e6699c2c070f9dbc74efae36b25ee93714eed5	1	1.50	musa->marcus:1.50
2026-08-20 15:54:49	0x0589b5ad40b286872f7a11b282df62b64ad111b6ac20492e5a3f976682672a5c	1	1.00	sasha->jem:1.00
2026-08-21 08:43:35	0x454f46cc96a933426604c346ff67e27671b654e51deac3fc60458e3518ca087d	3	4.17	aatif->martyn:2.50;marcus->martyn:1.17;alex->martyn:0.50
2026-08-21 09:55:46	0x5a4402ea2e52363ed6665ab84ec91097a30d4442adcd49436eff72a57334adfc	1	2.00	marcus->musa:2.00
2026-08-21 12:32:18	0xc01b5eabfcd72fd481bd989ed83dbfd5832d4221a40eb8712237ddd763123ae2	4	5.75	martyn->aatif:0.25;marcus->sasha:3.50;alex->aatif:0.25;marcus->aatif:1.75
2026-08-21 12:34:26	0x0456ff3a8a9a3ec2d475c60459e28f56ddbc0ceca1a5d95a9ab4ec46275dbc9e	1	3.00	marcus->aatif:3.00
2026-08-21 13:47:54	0x24f8a7ebcfb067aa20b03c154cf8ebe09f5eae96178aeeffc14a9b58dee24dc9	2	3.50	musa->marcus:1.00;musa->alex:2.50
2026-08-21 15:04:12	0x3848c6e49124f67c59a12121155a9e34be0867b0c04c8de1ad78d11521d62e1c	1	2.50	sasha->musa:2.50
2026-08-24 09:24:33	0x915fae4fd7c1ab18b81da1d579c4051552a8ef82ce0f00d74d5a01e5f4fed2ff	4	7.25	alex->musa:1.50;alex->martyn:1.50;alex->megan:2.75;alex->jem:1.50
2026-08-24 10:40:25	0x36995db2d024f6de5dfb88e5617fc1218eb5b0f94cbc517cc704c6c55359688d	4	12.00	musa->sasha:3.00;musa->aatif:3.00;musa->marcus:3.00;musa->jem:3.00
2026-08-24 10:56:50	0x55fc39377fd2643d10a21f12bbe74fa5528bd46fbc57c6a11d9c9c769b949fdd	1	1.00	jem->stephen:1.00
